"guid","Size","Containment","DateTime","Structures Threatened","Structures Destroyed","Civilian Injuries","Civilian Fatalities","Structures Damaged","Firefighter Injuries"
"3490aec0-ebf7-4260-8b59-e062a0a276eb","10","0%","2025-01-07T11:06","","","","","",""
"c7282357-507f-417b-8781-d5c331b4804b","10","0%","2025-01-07T11:11","","","","","",""
"852ab978-22d5-480c-94e4-08b30c562d5c","10","0%","2025-01-07T11:18","","","","","",""
"c9fde7f3-4311-4430-b7b2-fa79ccb07070","10","0%","2025-01-07T11:26","","","","","",""
"7dd7c781-1339-4706-952f-428364b721a9","200","0%","2025-01-07T11:31","","","","","",""
"c5603b20-88d1-4e41-aaa8-a5fc6e7440d0","200","0%","2025-01-07T11:44","","","","","",""
"05b68c83-2b8b-4148-9331-15a474e4dc6c","200","0%","2025-01-07T11:49","","","","","",""
"1f0beda0-aa77-441b-8733-c45f57173cb3","200","0%","2025-01-07T12:00","","","","","",""
"bb097874-e194-4ea5-bb4a-964105068a7f","200","0%","2025-01-07T12:03","","","","","",""
"1053edbc-3fa5-4f8e-b4a0-0734475ff981","200","0%","2025-01-07T12:19","","","","","",""
"f1f627ee-609d-4927-b5b7-af0219f5f9dc","200","0%","2025-01-07T12:20","","","","","",""
"e18d9f64-3b8d-4cf3-8170-8327b21a121b","200","0%","2025-01-07T12:31","","","","","",""
"8d58d083-9aca-41e8-a972-9c7ef61744c2","200","0%","2025-01-07T12:37","","","","","",""
"51d5995e-b2b6-4933-a735-c3e3b795524a","200","0%","2025-01-07T13:24","","","","","",""
"5ac980bb-ca91-46e1-bdcf-aa519ac66d1b","200","0%","2025-01-07T13:33","","","","","",""
"48eda7ff-06a1-4b68-b6e3-985038ffe9f6","200","0%","2025-01-07T13:34","","","","","",""
"82a05e51-4d6e-4e0d-980c-575e8c7a8a43","200","0%","2025-01-07T14:27","","","","","",""
"18c0bcea-e812-4d2f-bbdc-c6829123385a","200","0%","2025-01-07T14:31","","","","","",""
"e95fc628-b1db-44ed-9b52-dbb4ee0e2dec","1,262","0%","2025-01-07T15:34","","","","","",""
"5606554e-5f7b-4674-8cb0-99b4e58ee82f","1,262","0%","2025-01-07T15:38","","","","","",""
"b5ee529b-be05-4c4a-8892-5463128f2c1d","1,262","0%","2025-01-07T16:06","","","","","",""
"327dd411-c7e4-42af-b722-835b4d447e72","1,262","0%","2025-01-07T16:07","","","","","",""
"35d197f7-e5db-4b63-a2fe-f0fe49b0a9f7","1,262","0%","2025-01-07T16:09","","","","","",""
"baea4c8f-a5de-4131-a158-ceba96aab9b3","1,262","0%","2025-01-07T16:14","","","","","",""
"7beb45b4-707f-43a3-b963-0430fff85c65","1,262","0%","2025-01-07T16:28","","","","","",""
"0c00d094-84c8-41dc-a873-a3a84f2cf6be","1,262","0%","2025-01-07T16:37","","","","","",""
"08b2802d-4220-492c-8639-84aaddd57d57","1,262","0%","2025-01-07T16:56","","","","","",""
"e3f71846-157f-4236-84bf-561e492d982b","1,262","0%","2025-01-07T17:15","","","","","",""
"32e4c07f-7293-446e-be59-5e951cc1693d","1,262","0%","2025-01-07T17:48","","","","","",""
"e95f0e9a-946c-4b9b-9f98-5c1686025f74","1,262","0%","2025-01-07T17:59","","","","","",""
"ce38a22f-2142-46ff-9857-06945ac3ad5c","1,262","0%","2025-01-07T18:25","","","","","",""
"99aa37ff-b963-4243-b69b-bfcd56e15866","1,262","0%","2025-01-07T20:19","","","","","",""
"72c54098-4ba9-4773-a8c2-0fab288a80e1","1,262","0%","2025-01-07T20:26","","","","","",""
"85b5aaa4-68d2-4203-b1ec-1e38ef03b4e3","1,262","0%","2025-01-07T20:35","","","","","",""
"bc8554dd-7a6a-4895-9113-ca2dcaae9b5f","1,262","0%","2025-01-07T20:57","","","","","",""
"763d3907-8a9d-41b5-b636-2f7a9743fb0b","1,262","0%","2025-01-07T21:23","","","","","",""
"27f886d7-d291-4d4f-8354-41ff1af68a0a","1,262","0%","2025-01-07T21:57","","","","","",""
"edda6a19-bb87-4248-969f-83b8faf7f4c1","1,262","0%","2025-01-07T22:20","","","","","",""
"32251c3b-8f86-4885-ba17-eb043f1a3b01","2,921","0%","2025-01-08T00:29","","","","","",""
"a776384b-8da3-47c8-b870-37471e97fc9d","2,921","0%","2025-01-08T00:40","","","","","",""
"ad9cf40f-79d4-4c7d-9153-800b20d093cd","2,921","0%","2025-01-08T05:16","","","","","",""
"608f6503-3b2a-4035-b9ea-b33ef4d1e8a3","2,921","0%","2025-01-08T08:19","","","","","",""
"6d3ad89e-e226-411e-9ef3-ee9e964f312d","2,921","0%","2025-01-08T08:24","","","","","",""
"6d6dcb24-bdd7-4a16-ae25-39d6d4834ee7","2,921","0%","2025-01-08T08:54","","","","","",""
"10d9b552-464e-41f7-af90-4be75dfec3d1","2,921","0%","2025-01-08T09:43","","","","","",""
"a4cd7bc9-6231-4540-a913-ddb8eb394ba8","2,921","0%","2025-01-08T11:11","","","","","",""
"6508d8bf-8842-4f55-9219-92857af743b1","11,802","0%","2025-01-08T11:45","","","","","",""
"e036276d-0216-48db-ac57-2f9a212b7ad3","15,832","0%","2025-01-08T13:20","13,306","300","","","",""
"90c83ec8-f0db-4675-9078-47476f3800d0","15,832","0%","2025-01-08T13:23","13,306","300","","","",""
"2c4564f8-6b0d-4c0d-bd4e-88fcdda9e6fd","15,832","0%","2025-01-08T14:54","13,306","300","","","",""
"2e239e3e-84b1-4848-b433-4cd424331d82","15,832","0%","2025-01-08T15:04","13,306","300","","","",""
"6891f1de-8ac6-47e1-bbdc-203bd71b4506","15,832","0%","2025-01-08T17:07","13,306","300","","","",""
"0541eb43-d6c5-47dc-929a-a7f61ee8cb77","15,832","0%","2025-01-08T21:19","13,306","300","","","",""
"5cf2f45e-0be0-4402-8ef6-af787fee0a5c","15,832","0%","2025-01-08T21:23","13,306","300","","","",""
"fb42ddab-8486-4dc5-be48-c6f1144a1647","17,234","0%","2025-01-08T23:10","13,306","300","","","",""
"f71ac2cc-5e0b-4c27-937c-370d7d195aa7","17,234","0%","2025-01-09T04:38","13,306","300","","","",""
"a41c83ae-6c49-4676-b872-29537bb59d4e","17,234","0%","2025-01-09T04:39","13,306","300","","","",""
"da7ed5a9-2a18-4627-a3a9-a8bd9dfaaddc","17,234","0%","2025-01-09T08:11","13,306","300","","","",""
"167c614e-0fec-466b-8c9b-47296d9c1ee2","17,234","0%","2025-01-09T09:58","13,306","34","","","",""
"8ef63fb2-aca0-424a-bf5a-78f4a61f3b8a","17,234","0%","2025-01-09T11:18","13,306","","","","",""
"6aa3cfa3-a65e-4c22-8410-d16f372ffed7","17,234","0%","2025-01-09T11:53","13,306","","","","",""
"942cb060-2ee0-47e8-83fe-96e13b9d82e9","17,234","0%","2025-01-09T12:29","13,306","","","","",""
"8e363ba8-5acb-42a8-91cd-da2a4c52981a","17,234","0%","2025-01-09T13:34","13,306","","","","",""
"dc201f6d-be59-48ab-b284-8e971c8ffb5f","17,234","0%","2025-01-09T14:20","13,306","","","","",""
"dcb282ff-c790-45f2-a00c-b348e0c5afac","17,234","0%","2025-01-09T17:37","13,306","","","","",""
"fa3b85a7-14b9-4e01-ae37-8f6ee4e5fb27","19,978","6%","2025-01-09T18:45","13,306","","","","",""
"25f0e468-5bab-42b1-a280-ae08dd5fcec9","19,978","6%","2025-01-09T20:27","13,306","","","","",""
"7f14d43d-44b8-4e13-b86f-71970f7b1915","19,978","6%","2025-01-09T20:39","13,306","","","","",""
"7d05a66a-27c0-46d2-84d3-261870f8bd0c","19,978","6%","2025-01-09T23:19","13,306","","","","",""
"d489bc47-25db-404a-a2e6-c5cc65814029","19,978","6%","2025-01-10T01:57","13,306","","","","",""
"4ddc5a13-e1e2-417d-b72d-3fa0912402c0","19,978","6%","2025-01-10T05:24","13,306","","","","",""
"9bf9fe16-bdc3-45f1-90b6-50d2b3d53067","19,978","8%","2025-01-10T07:34","13,306","","","","",""
"0a5c3dac-a9d8-46ce-b1f8-00dd8f344242","20,438","8%","2025-01-10T07:39","13,306","","","","",""
"644644fe-44c0-4e49-863e-557cc5a3ef10","19,978","8%","2025-01-10T07:49","13,306","","","","",""
"a4d73f35-df69-4b8f-abb3-571c3f1ec26c","20,438","8%","2025-01-10T07:59","13,306","","","","",""
"9842ff58-2480-4b98-8627-7a2ddb2cbd4e","20,438","8%","2025-01-10T08:00","13,306","","","","",""
"02c02084-d2e0-452e-a722-cab3e2c246db","20,438","8%","2025-01-10T08:18","13,306","","","","",""
"87fececc-b997-476d-8ec5-d15c5aaea879","20,438","8%","2025-01-10T08:33","13,306","","","","",""
"f575d0b4-3364-4d8e-9d9a-c225bff3b0a0","20,438","8%","2025-01-10T09:03","13,306","","","","",""
"db338829-c569-4773-85d9-7130491fe288","20,438","8%","2025-01-10T09:09","13,306","","","","",""
"7729fa4d-aa30-476b-9190-f5ca977199eb","20,438","8%","2025-01-10T09:20","13,306","","3","2","",""
"c9040285-0ce4-4c2d-9aa0-a01ed903f16d","20,438","8%","2025-01-10T09:36","11,471","85","3","2","12",""
"fcc87447-662c-4cdd-a35b-76de743b04fe","20,438","8%","2025-01-10T10:26","11,471","","3","2","",""
"8eb5d58b-7eaf-4614-82f2-cbfe7f618631","20,438","8%","2025-01-10T10:43","11,471","","3","2","",""
"f9f8ab8c-c828-4aa8-a69d-0ea5c1267487","20,438","8%","2025-01-10T11:26","11,471","","3","2","",""
"7fe75226-8766-45a1-bdcf-066fa457185c","20,438","8%","2025-01-10T11:47","11,471","","3","2","",""
"5e742794-b116-4c4a-8c27-7d3de040d046","20,438","8%","2025-01-10T12:08","11,471","","3","3","",""
"bd3b6b35-0b27-4d60-99f7-e710c863fa23","20,438","8%","2025-01-10T13:08","11,471","","3","3","",""
"da81f4d8-3e2e-4c97-a29a-afb34f11bea5","20,438","8%","2025-01-10T13:16","11,471","","3","3","",""
"d5da79bf-29f0-41e4-9dbc-564542de86ac","21,317","8%","2025-01-10T14:33","11,471","","3","3","",""
"1c43e9e6-b138-42f3-8b9b-cde143c61fe5","21,317","8%","2025-01-10T15:37","11,471","","3","3","",""
"aa58f54a-25c3-4944-b5ef-69e3fec02ac8","21,317","8%","2025-01-10T17:22","11,471","","3","3","",""
"70760279-096e-4b0f-8a33-6eb0d759a430","21,317","8%","2025-01-10T17:24","11,471","","3","3","",""
"ba90fbd0-d0d1-4665-9719-00c8436acb3b","21,317","8%","2025-01-10T17:34","11,471","","3","3","",""
"b9e77dfb-a2e8-4637-8009-95d1c5d4176b","21,317","8%","2025-01-10T17:38","11,471","","3","3","",""
"6c78e8df-669e-4a25-b609-b6ec2748db98","21,317","8%","2025-01-10T18:42","12,250","","3","3","",""
"a32adbdb-42fb-4c58-8d95-c53b8b36d39d","21,317","8%","2025-01-10T18:47","12,250","","3","3","",""
"40e61f50-9dc5-4887-9ad3-58712a00b140","21,317","8%","2025-01-10T19:23","12,250","","3","3","",""
"87c9519f-dbb7-4066-81ba-566cd11fa60b","21,317","8%","2025-01-10T19:35","12,250","","3","2","",""
"08443a75-b979-47c5-8ba2-29ffb10c3e35","21,317","8%","2025-01-10T19:37","12,250","","3","2","",""
"bce96034-2215-4f43-8b39-a468a6e86490","21,317","8%","2025-01-10T19:42","12,250","","3","2","",""
"b951e48c-1f2b-4031-82d1-a041e626ae08","21,317","8%","2025-01-10T20:14","12,250","","3","2","",""
"6ae0d671-0026-4a79-9e3f-a6e5d9a281f5","21,317","8%","2025-01-10T20:29","12,250","","3","2","",""
"5866a8bf-7bc6-4dc6-8602-306a788b9a4f","21,317","8%","2025-01-10T21:58","12,250","","3","2","",""
"30608d23-736b-48f9-b0f5-4055e212abf3","21,317","8%","2025-01-10T22:18","12,250","","3","2","",""
"c1a8570d-45de-4e14-aa62-1e43bede8c43","21,317","8%","2025-01-10T22:20","12,250","","3","2","",""
"c6792ec2-2041-4e7d-a0e4-18764a60406f","21,317","8%","2025-01-10T22:31","12,250","","3","2","",""
"4090a1de-5459-4725-ab9d-f24c07a80de0","21,317","8%","2025-01-11T00:38","12,250","","3","2","",""
"84555f70-08b6-45c5-a526-ed0f86980d25","21,317","8%","2025-01-11T00:53","12,250","","3","2","",""
"ea14c0a7-9f79-47dc-9068-3eed41767c44","21,317","8%","2025-01-11T01:02","12,250","","3","2","",""
"69175528-2705-48d8-9488-781bcc65060a","21,317","8%","2025-01-11T01:04","12,250","","3","2","",""
"692632f1-d814-466c-924c-5d4dd447a3b5","21,595","11%","2025-01-11T06:24","12,250","","3","2","",""
"6e456fba-ff53-4e1c-9d4d-401a165b1a02","21,596","11%","2025-01-11T06:28","12,250","","3","2","",""
"048a8159-ff34-4947-9d2a-ecbda25cc735","21,596","11%","2025-01-11T07:20","12,250","","3","2","",""
"cb2bc9cc-901b-4d41-80c7-57386c7b2ce8","21,596","11%","2025-01-11T07:22","12,250","","3","2","",""
"a6ed2094-9286-48d2-8a53-16b19a6d564f","21,596","11%","2025-01-11T07:52","12,250","","3","2","",""
"3445b48a-6d3e-4985-81a4-493130258b7b","21,596","11%","2025-01-11T08:46","12,250","","3","2","",""
"c9204d54-4a92-4906-b18a-c97e1ede62f4","21,596","11%","2025-01-11T09:21","12,250","","3","2","",""
"cda3def5-b280-4190-af9f-fccc43374087","22,660","11%","2025-01-11T09:39","12,250","","3","2","",""
"6c651b59-d0c0-4b7f-ac2e-8640be948498","22,660","11%","2025-01-11T11:04","12,250","","3","2","",""
"f23c37f7-d392-4ae5-9360-20bc9a27fb7d","22,660","11%","2025-01-11T12:50","12,250","","3","2","",""
"57893ac3-f7d7-4dbd-9692-191c319d17d6","22,660","11%","2025-01-11T13:02","12,250","","3","2","",""
"08ef131e-878c-42b7-ba90-0aaa0bb78249","22,660","11%","2025-01-11T13:20","12,250","","3","2","",""
"89098978-66a9-452b-b20c-5f186a255a45","22,660","11%","2025-01-11T15:38","12,250","","3","2","",""
"dce9178c-9419-4005-a61e-49281b54c945","23,654","11%","2025-01-11T16:37","12,250","","3","2","",""
"ff576db0-cac7-44e9-9472-0a27ab8c25de","23,654","11%","2025-01-11T18:16","12,250","","3","2","",""
"1612754d-8d87-43b7-a4af-17a45b4b0600","23,654","11%","2025-01-11T20:13","12,250","","3","2","",""
"585ace89-d4d7-4815-9e63-bfd1e61a88d8","23,654","11%","2025-01-11T21:25","12,250","513","3","2","63",""
"ebb217f4-f113-4bd0-b46e-5425acd480fd","23,654","11%","2025-01-11T21:27","12,250","513","3","2","63",""
"d28cf1c7-0b27-4f2a-a8b7-e675fabd8974","23,654","11%","2025-01-11T21:28","12,250","513","3","2","63",""
"922f96bf-0351-4446-aa6d-4176d0f568fb","23,654","11%","2025-01-11T21:31","12,250","513","3","2","63",""
"42d66ab9-f0a3-44bc-9f7f-aaa496ef5c54","23,654","11%","2025-01-11T21:40","12,250","513","3","2","63",""
"62ef4e6a-7ce6-4abf-a3a3-e5e7a1f52e31","23,654","11%","2025-01-11T21:46","12,250","513","3","2","63",""
"6b2d55ee-73ce-4803-87e8-70af983c3b12","23,654","11%","2025-01-11T21:56","12,250","513","3","2","63",""
"815728b3-4e11-4006-bbf5-b2748080cf81","23,654","11%","2025-01-11T21:57","12,250","513","3","2","63",""
"45e9972b-471f-4db3-9b5a-0f18ab72ffd3","23,654","11%","2025-01-12T06:02","12,250","513","3","2","63",""
"67c8bdca-dea7-451d-95a7-36c265110f4d","23,707","11%","2025-01-12T06:33","12,250","604","3","2","83",""
"7860cebf-e7cf-4b75-a3f3-917f09a9df78","23,707","11%","2025-01-12T10:01","12,250","604","3","2","83",""
"7dd51bc9-f5e2-4a93-a09d-e1e5b9067200","23,707","11%","2025-01-12T10:04","12,250","604","3","2","83",""
"fa6fedad-06ea-4e2d-adf9-dfd7f3817c4d","23,707","11%","2025-01-12T10:05","12,250","604","3","2","83",""
"beefaf08-d02b-40d5-be0f-5585f8fe0cda","23,706","11%","2025-01-12T10:54","12,250","604","3","2","83",""
"6bf0fdb2-90bb-4b7a-88ca-e5db5fee9c02","23,706","11%","2025-01-12T11:07","12,250","604","3","5","83",""
"fcb41c24-7af7-493d-bd40-45bd23fb5f11","23,713","11%","2025-01-12T11:13","12,250","604","3","5","83",""
"0df76d0f-10a4-4169-8c75-23ec116020fd","23,713","11%","2025-01-12T11:54","12,250","604","3","2","83",""
"f206eb3d-1707-41d3-878d-1ae10715e5b1","23,713","11%","2025-01-12T14:44","12,250","604","3","2","83",""
"614f18d0-1396-49e8-a5b5-712f92a0059e","23,713","11%","2025-01-12T16:29","12,250","604","3","2","83",""
"bff72032-3d46-4f22-8180-b620f9ca082a","23,713","11%","2025-01-12T16:31","12,250","604","3","2","83",""
"bdbdd695-fd01-433f-ae52-ba31298ced34","23,713","13%","2025-01-12T18:54","12,250","1,105","3","2","179",""
"d70372a8-a99b-47a2-ac58-ef5bea001eca","23,713","13%","2025-01-12T18:55","12,250","1,105","3","2","179",""
"411721a4-f1d0-48ed-975a-229898c77ae9","23,713","13%","2025-01-12T18:57","12,250","1,105","3","2","179",""
"16ac1355-a544-4af2-b197-631b50ed3149","23,713","14%","2025-01-13T06:00","12,250","1,105","3","2","179",""
"7bdd5679-cecf-4090-b392-f911ff768ac0","23,713","14%","2025-01-13T06:35","12,250","1,105","3","2","179",""
"d426f279-239d-4151-967c-0342fa13912e","23,713","14%","2025-01-13T07:05","12,250","1,280","3","2","204",""
"e05a52b1-3bcf-4244-b391-80d139859a60","23,654","11%","2025-01-13T08:20","12,250","513","3","2","63",""
"05506337-cc26-4a1c-9b58-f000cea06408","23,654","14%","2025-01-13T08:28","12,250","513","3","2","63",""
"4910f1b0-2aa9-44f9-8a7f-39ea1b957745","23,654","14%","2025-01-13T08:30","12,250","513","3","2","63",""
"25abbe52-f080-442a-8001-e83b5fd435f0","23,713","14%","2025-01-13T08:43","12,250","1,280","3","2","204",""
"ec336b91-9127-4f3a-b6d1-672a7d04168f","23,713","14%","2025-01-13T09:34","12,250","1,280","3","8","204",""
"ee7af1fe-bb3a-4a4c-b2e2-7db47f133761","23,713","14%","2025-01-13T11:10","12,250","1,280","3","8","204",""
"37a6873b-06f3-416a-8519-23af2f9fc0dd","23,713","14%","2025-01-13T13:37","12,250","1,280","3","8","204",""
"46999bcb-2571-4045-aaf9-655f7de863d9","23,713","14%","2025-01-13T13:59","12,250","1,280","3","8","204",""
"04b57d53-ced2-4ef3-966a-bcf6b6228d4e","23,713","14%","2025-01-13T14:00","12,250","1,280","3","8","204",""
"f5e08f80-3cad-46e8-b493-21180bd79d95","23,713","14%","2025-01-13T16:31","12,250","1,280","3","8","204",""
"5e2cbdc7-3590-4170-8afb-3661f7f71334","23,713","14%","2025-01-13T17:00","12,250","1,280","3","8","204",""
"be828b8f-9bdf-41c1-af7b-800a71f2e33a","23,713","14%","2025-01-13T17:03","12,250","1,280","3","8","204",""
"38452f51-58ec-4391-ac7b-49fac39b9501","23,713","14%","2025-01-13T17:21","12,250","1,280","3","8","204",""
"346c9a1f-fe7c-4b8a-a96d-acae730a2e08","23,713","14%","2025-01-13T18:20","12,250","1,280","3","8","204",""
"7cb90058-b367-4285-8549-bebda703b281","23,713","14%","2025-01-13T21:03","12,250","1,280","3","8","204",""
"28182fe1-290d-48ba-bb09-0551b1bbddad","23,713","14%","2025-01-13T21:06","12,250","1,280","3","8","204",""
"6edda1f2-efa2-4a6a-a82e-f54a77c6e9b8","23,713","14%","2025-01-13T21:07","12,250","1,280","3","8","204",""
"a606f970-71fe-4638-b469-643e6b67e9e3","23,713","17%","2025-01-14T05:51","12,250","1,280","3","8","204",""
"1f9c6c5d-d6b1-412e-b536-c4ae34d66e4a","23,713","17%","2025-01-14T05:56","12,250","1,280","3","8","204",""
"bbea4421-bbb1-4ffa-b22d-183dd498306c","23,713","17%","2025-01-14T06:26","12,250","1,280","3","8","204",""
"b1883d29-78ec-48ee-b6e5-8f8433a19aa1","23,713","17%","2025-01-14T06:30","12,250","1,280","3","8","204",""
"62c2133f-0afa-451b-a4e1-f903a63c0da3","23,713","17%","2025-01-14T07:39","12,250","1,280","3","8","204",""
"023f758c-1426-4bc1-b9e8-0132fc857daa","23,713","17%","2025-01-14T07:42","12,250","1,280","3","8","204",""
"e9d82979-1d8b-4e18-83d7-f838152857dd","23,713","17%","2025-01-14T08:52","12,250","1,280","3","8","204",""
"970f1352-a3ad-4e26-bc17-0d3b5a674335","23,713","17%","2025-01-14T08:55","12,250","1,280","3","8","204",""
"5dbe3539-d78b-4697-a5d5-2359b141b205","23,713","18%","2025-01-14T18:03","12,250","1,280","3","8","204",""
"86f786a4-8ecd-46af-a46f-b9133599b70e","23,713","18%","2025-01-14T18:05","12,250","2,114","3","8","382",""
"3be803c1-5464-4c71-acad-e46165ed36a0","23,713","18%","2025-01-14T18:29","12,250","2,114","3","8","382",""
"cc9bf43f-45ec-4595-a4f3-bd4029992f38","23,713","18%","2025-01-14T18:51","12,250","2,114","3","8","382",""
"22ab05f2-335e-402f-8ae8-72e49d7adb3b","23,713","18%","2025-01-14T20:53","12,250","2,114","3","8","382",""
"d776faec-6f7c-423a-823c-c17c5ad9c9a4","23,713","18%","2025-01-14T20:58","12,250","2,114","3","8","382",""
"01cbbe95-b3cd-4789-a1d1-71e72f72d158","23,713","19%","2025-01-15T06:30","12,250","2,191","3","8","397",""
"e1ff7c82-a523-40fa-97b3-c74489c1cdef","23,713","19%","2025-01-15T08:36","12,250","2,191","3","8","397",""
"199abd70-bd57-4884-a187-1cfa2552a0c8","23,713","19%","2025-01-15T11:16","12,250","2,191","3","8","397",""
"f2bd7cf2-e80c-41b4-bdd8-90cd66a95bb1","23,713","19%","2025-01-15T11:48","12,250","2,191","3","8","397",""
"49c4c871-c63b-44c2-9b82-b5b9a4fc0119","23,713","19%","2025-01-15T12:29","12,250","2,191","3","8","397",""
"591b8be0-f9af-4d15-bd78-639bcc0ed215","23,713","19%","2025-01-15T14:45","12,250","2,191","3","8","397",""
"f63dead1-62bf-48bb-996e-6646b4e70642","23,713","19%","2025-01-15T15:58","12,250","2,191","3","8","397",""
"b7d6b230-b7bf-4c50-b568-ed3f42971dde","23,713","19%","2025-01-15T16:12","12,250","2,191","3","8","397",""
"b4d59eac-ebae-4b65-8e37-137e6d6b14c1","23,713","19%","2025-01-15T17:20","12,250","2,191","3","8","397",""
"a598fa1d-ee50-4c28-b89c-234cfcf85efe","23,713","19%","2025-01-15T17:25","12,250","2,191","3","8","397",""
"70800a55-b114-4f30-bd85-476b67138012","23,713","19%","2025-01-15T17:54","12,250","2,191","3","8","397",""
"e2e41649-789b-4771-9a35-96ef04c94878","23,713","21%","2025-01-15T18:33","12,250","2,747","3","8","484",""
"26e42c96-f4ac-4c14-b459-9586030eb6a2","23,713","21%","2025-01-15T19:03","12,250","2,747","3","8","484",""
"20dea2a3-cc6d-472b-92c6-ef14004d21d4","23,713","21%","2025-01-15T19:54","12,250","2,747","3","8","484",""
"15006938-37cb-4890-bff0-e2d185207f96","23,713","21%","2025-01-15T20:03","12,250","2,747","3","8","484",""
"9688bff5-16fa-4905-bacb-167f82392dd5","23,713","21%","2025-01-15T20:05","12,250","2,747","3","8","484",""
"a7ceb7a9-d5a9-4fef-84bb-4f1e6332e22d","23,713","22%","2025-01-16T05:36","12,250","2,747","3","8","484",""
"31c99fd0-d371-44e1-9f67-93454a558315","23,713","22%","2025-01-16T06:39","12,250","2,869","3","8","508",""
"be37e05f-f8d6-4d2b-9e29-9d408070d7e2","23,713","22%","2025-01-16T06:42","12,250","2,869","3","8","508",""
"c7c6c6dd-6865-44bb-9229-f14091d441f8","23,713","22%","2025-01-16T08:07","12,250","2,869","3","8","508",""
"7b52213f-8ad2-4a57-a468-bc48ac820524","23,713","22%","2025-01-16T10:27","12,250","2,869","3","8","508",""
"c06f2976-0e35-4140-9373-65734d7f450c","23,713","22%","2025-01-16T11:16","12,250","2,869","3","8","508",""
"52218a91-2f4d-45a5-84e1-df8cdf60d9ca","23,713","22%","2025-01-16T14:02","12,250","2,869","3","8","508",""
"e2f79f66-ff72-48e5-994f-66c3d454b3e8","23,713","22%","2025-01-16T14:08","12,250","2,869","3","8","508",""
"11f7bcb9-4b1a-4e70-925d-def8cd35586d","23,713","22%","2025-01-16T14:09","12,250","2,869","3","8","508",""
"1b9fcdad-07d5-4c12-8a69-5d6a74f42eb8","23,713","22%","2025-01-16T14:13","12,250","2,869","3","8","508",""
"5827c810-6f3b-4b06-8c04-aeb72a2efc84","23,713","22%","2025-01-16T14:19","12,250","2,869","3","8","508",""
"a88f80a3-69d5-4e93-9751-18ce907d2865","23,713","22%","2025-01-16T14:29","12,250","2,869","3","8","508",""
"ea3195f1-f5eb-4db1-aa26-569a4f60e393","23,713","22%","2025-01-16T17:21","12,250","2,869","3","8","508",""
"68c12d6b-de0a-445b-801d-5be65dcc68de","23,713","22%","2025-01-16T17:23","12,250","2,869","3","8","508",""
"1a9d5252-4aa6-47a7-9f72-894a13b10a46","23,713","22%","2025-01-16T17:52","12,250","2,869","3","8","508",""
"72b2da7a-8de3-410a-951b-bbd7ae8cac3e","23,713","27%","2025-01-16T18:23","12,250","3,328","3","8","591",""
"1bde4e63-471d-484c-bbb8-9ed5aa150ffe","23,713","27%","2025-01-17T06:36","12,250","3,328","3","8","591",""
"866b33d4-b7de-4ba5-8778-7e051400bb47","23,713","31%","2025-01-17T06:43","12,250","3,501","3","8","603",""
"00f781ae-71a6-4f92-8e02-9cdc5f0cd78c","23,713","31%","2025-01-17T08:08","12,250","3,501","3","8","603",""
"08731dfa-2edb-4f3c-846c-2ff58907269f","23,713","31%","2025-01-17T08:10","12,250","3,501","3","8","603",""
"e99e8f94-021d-4e28-9308-c4574893755f","23,713","31%","2025-01-17T08:21","12,250","3,501","3","8","603",""
"cfd1c88a-ef55-49a3-9394-019282635c35","23,713","31%","2025-01-17T11:23","12,250","3,501","3","8","603",""
"30b12e9f-201f-4db7-ab43-3612ce31a587","23,713","31%","2025-01-17T11:26","12,250","3,501","3","8","603",""
"70133027-1de1-417e-9d63-c72ffa5341ca","23,713","31%","2025-01-17T11:28","12,250","3,501","3","8","603",""
"9d305568-6165-4a3a-90b3-418ae802e974","23,713","31%","2025-01-17T11:31","12,250","3,501","3","8","603",""
"f33d5142-e7f4-4af6-8226-70a95a5c3472","23,713","31%","2025-01-17T11:49","12,250","3,501","3","8","603",""
"7a4a17a2-6985-44d3-a7ba-b6e98afde1b4","23,713","31%","2025-01-17T11:50","12,250","3,501","3","8","603",""
"b204df2b-fb46-4281-a6de-5a4309ab2a4e","23,713","31%","2025-01-17T11:53","12,250","3,501","3","8","603",""
"600d16e3-d402-4fae-a555-61536d26b2a9","23,713","31%","2025-01-17T12:04","12,250","3,501","3","8","603",""
"30844795-c687-4533-acf8-0f9d0b11911f","23,713","31%","2025-01-17T12:26","12,250","3,501","3","8","603",""
"6b156a1d-e527-4107-be45-66aac385ff33","23,713","31%","2025-01-17T12:29","12,250","3,501","3","8","603",""
"5dacfa52-08a2-444b-96f6-e273dcabc96f","23,713","31%","2025-01-17T12:31","12,250","3,501","3","8","603",""
"aa93856b-74e7-4c51-a1da-6a42f8caf7e8","23,713","31%","2025-01-17T12:47","12,250","3,501","3","8","603",""
"2b9d880c-6a76-44d2-8fd6-36d3ccd10f09","23,713","31%","2025-01-17T13:00","12,250","3,501","3","8","603",""
"ed093c90-3886-46c5-9eb2-84b3a61584ee","23,713","31%","2025-01-17T13:01","12,250","3,501","3","8","603",""
"3f38d302-1546-4f75-a804-381e859cd42b","23,713","31%","2025-01-17T14:50","12,250","3,501","3","8","603",""
"50d31ef7-77b1-42aa-9fd7-3318277ffe25","23,713","31%","2025-01-17T17:32","12,250","3,501","3","8","606",""
"0d3d782d-c3cb-4318-8af2-b3653db2f14f","23,713","39%","2025-01-17T18:55","12,280","3,797","3","10","617",""
"100a2a20-c46e-40d8-9db2-b6edcf88f0bd","23,713","39%","2025-01-17T18:57","12,280","3,797","3","10","617",""
"30adb241-973f-4e61-81a6-813f2777b91c","23,713","43%","2025-01-18T06:34","12,280","3,856","3","10","624","1"
"bca5551a-2df9-4639-8a20-508c6c1b627f","23,713","43%","2025-01-18T06:37","12,280","3,856","3","10","624","1"
"3bf16f84-0ccc-446f-ba6a-1684cc7e925d","23,713","43%","2025-01-18T08:49","12,280","3,857","3","10","628","1"
"a4f8d44d-bf9f-429d-b25d-ef83912f68de","23,713","43%","2025-01-18T09:51","12,280","3,857","3","10","628","1"
"4f385207-da28-4899-8c19-aa4a7d5d0138","23,713","43%","2025-01-18T10:00","12,280","3,857","3","10","628","1"
"57cb7f20-5869-4b82-8bb2-858ff2bc87c6","23,713","43%","2025-01-18T10:08","12,280","3,857","3","10","628","1"
"047e8550-b275-43bf-9486-0da1b0f9c6d6","23,713","43%","2025-01-18T11:12","12,280","3,857","3","10","628","1"
"b1349f1e-5c23-4013-a43e-8374d8fb2048","23,713","43%","2025-01-18T11:19","12,280","3,857","3","10","628","1"
"ec674e59-f5ec-410c-bebb-8382372d488f","23,713","43%","2025-01-18T11:23","12,280","3,857","3","10","628","1"
"a1c8dbc1-8f1d-4ec7-8f58-c336e728009b","23,713","43%","2025-01-18T11:25","12,280","3,857","3","10","628","1"
"c557d857-d86f-42c2-8eba-0fc640caf6d3","23,713","43%","2025-01-18T11:39","12,280","3,857","3","10","628","1"
"0ad34e3f-5b33-4614-9ebc-ebfb254eba8d","23,713","43%","2025-01-18T13:28","12,280","3,857","3","10","628","1"
"55b85cc1-4753-44a8-a9c4-1ebf548d8222","23,713","43%","2025-01-18T14:47","12,280","3,857","3","10","628","1"
"d10ab484-de35-4abc-97a6-b34242a8a089","23,713","43%","2025-01-18T15:42","12,280","3,857","3","10","628","1"
"74203a74-9e84-4028-8b85-9010e1952373","23,713","49%","2025-01-18T18:32","12,280","4,324","3","10","665","1"
"771945de-7714-40d2-8c73-8eddabe3f84c","23,713","52%","2025-01-19T06:22","12,280","4,324","3","10","665","1"
"287d8cc3-bfe9-4876-9cf7-262cc113cdb9","23,713","52%","2025-01-19T06:35","12,280","4,996","3","10","707","1"
"d8af76fb-5bf1-4577-8eea-e49e09b8ab59","23,713","52%","2025-01-19T07:45","12,280","4,996","3","10","707","1"
"c26f2700-a1c1-40f0-9c96-59a6bc90dd11","23,713","52%","2025-01-19T12:12","12,280","4,996","3","10","707","1"
"8f904e60-90f2-42c7-9250-a74c5cca0a2e","23,713","52%","2025-01-19T12:14","12,280","4,996","3","10","707","1"
"5d50917f-62c9-4abb-acdb-5c8cf2e0bb43","23,713","52%","2025-01-19T12:15","12,280","4,996","3","10","707","1"
"634785d6-3678-4d96-ba8b-e1cbdc67ea4f","23,713","52%","2025-01-19T13:32","12,280","4,996","3","10","707","1"
"16d4ebf2-87ed-434e-b853-5e94f23459ec","23,713","52%","2025-01-19T13:35","12,280","4,996","3","10","707","1"
"a8469dc0-4975-41d9-acba-b62f35f4dbdf","23,713","52%","2025-01-19T15:26","12,280","4,996","3","10","707","1"
"3c145420-5ce2-47e4-a90b-18ca58838366","23,713","52%","2025-01-19T15:30","12,280","4,996","3","10","707","1"
"ccaeae46-ebec-40dd-9a0f-d8ca548e6e14","23,713","56%","2025-01-19T18:16","12,280","5,829","3","10","744","1"
"6d35ff8f-a456-479b-ac2a-0b7acee88f79","23,713","56%","2025-01-19T18:17","12,280","5,829","3","10","744","1"
"02a94ce1-915b-4116-9ff4-ffeae696172a","23,713","56%","2025-01-19T18:21","12,280","5,829","3","10","744","1"
"eaa5dd60-372a-4e7a-99e4-5ce5a860f853","23,713","56%","2025-01-19T18:38","12,280","5,829","3","10","744","1"
"17788fea-b93a-48b6-9d47-fc43e07e6430","23,713","59%","2025-01-20T06:30","12,280","6,051","3","10","788","1"
"96c4057b-8ae9-4d9a-b79e-57480eb1714e","23,713","59%","2025-01-20T06:32","12,280","6,051","3","10","788","1"
"6af29f4e-ae34-421e-bebd-784fdb5c4e6c","23,713","59%","2025-01-20T09:34","12,280","6,051","3","10","788","1"
"d0a8093a-86d4-488e-8638-224f4f08485e","23,713","56%","2025-01-20T10:37","12,280","5,829","3","10","744","1"
"295205bb-df62-4a27-a823-541207208e3f","23,713","59%","2025-01-20T10:40","12,280","6,051","3","10","788","1"
"a8a439e7-0825-4540-ab25-795eb8205e89","23,713","59%","2025-01-20T10:44","12,280","6,051","3","10","788","1"
"cdd161fc-d87d-42a0-ba85-faf034940300","23,713","59%","2025-01-20T10:45","12,280","6,051","3","10","788","1"
"7fe094b2-41eb-4c39-86d7-8e975f9ec108","23,713","59%","2025-01-20T10:49","12,280","6,051","3","10","788","1"
"26edb6c0-2c39-45ac-967e-c783922aa31f","23,713","59%","2025-01-20T10:59","12,280","6,051","3","10","788","1"
"48fafeef-60ce-4552-9a5f-c103ab7f8d23","23,713","59%","2025-01-20T11:17","12,280","6,051","3","10","788","1"
"2ae9f6ce-c4ed-4acf-865b-b09137e0fc7c","23,713","59%","2025-01-20T11:22","12,280","6,051","3","10","788","1"
"ea32cfb4-5580-4893-979f-95f360d57131","23,713","59%","2025-01-20T11:28","12,280","6,051","3","10","788","1"
"d1c8bd9e-ab99-4331-a6e2-b81c28d79933","23,713","59%","2025-01-20T11:30","12,280","6,051","3","10","788","1"
"bcdfb37e-585f-403b-ba41-13bd167ac4b7","23,713","59%","2025-01-20T15:35","12,280","6,051","3","10","788","1"
"04eae1f3-ee56-48ce-a613-7bc0de5a247e","23,713","59%","2025-01-20T15:38","12,280","6,051","3","10","788","1"
"d1a723f2-3354-4058-bd4f-a3ae9278f1f5","23,713","59%","2025-01-20T15:39","12,280","6,051","3","10","788","1"
"ce06cb5a-ba60-4ae1-adbd-251b6328c010","23,713","59%","2025-01-20T16:44","12,280","6,051","3","10","788","1"
"7ee7df3f-034e-4bea-859f-d29bf41b8863","23,713","59%","2025-01-20T16:47","12,280","6,051","3","10","788","1"
"b5d914da-67bc-4e65-9368-998afaedd3a0","23,713","59%","2025-01-20T16:50","12,280","6,051","3","10","788","1"
"01554265-09a4-42b2-86d8-5440a0b5b8dc","23,713","59%","2025-01-20T16:58","12,280","6,051","3","10","788","1"
"fb9e87f6-0c4f-4032-ada1-e51076846302","23,713","61%","2025-01-20T18:43","12,280","6,207","3","11","821","1"
"e97c9c8d-1328-49cf-955d-a6376f6cf434","23,713","63%","2025-01-21T06:23","12,280","6,380","3","11","857","1"
"3dbbd0c6-579a-4cba-bd90-0363e1ce1728","23,713","63%","2025-01-21T06:26","12,280","6,380","3","11","857","1"
"108f1f21-1810-48cd-84f4-09f28d22fdaa","23,713","63%","2025-01-21T06:47","12,280","6,380","3","11","857","1"
"ba56b23c-42f6-4a70-aec4-54c11a2c08d1","23,713","63%","2025-01-21T11:15","12,280","6,380","3","11","857","1"
"18fe2465-fb9b-4ea0-9034-c53a2c50c7d2","23,713","63%","2025-01-21T11:19","12,280","6,380","3","11","857","1"
"2d73846b-e89e-48d2-a2f7-ee92e47ed8ac","23,713","63%","2025-01-21T12:08","12,280","6,380","3","11","857","1"
"cacae85c-969d-4f11-a920-4fdac4cba89c","23,713","63%","2025-01-21T12:29","12,280","6,380","3","11","857","1"
"1b829352-320a-4c7d-ae58-22af25198f65","23,713","63%","2025-01-21T12:50","12,280","6,380","3","11","857","1"
"eb9e44ea-f48d-416c-a542-b977854d78bf","23,713","63%","2025-01-21T14:13","12,280","6,380","3","11","857","1"
"5748ab64-45fe-41e1-a39d-5ac8f4a303c1","23,713","63%","2025-01-21T14:18","12,280","6,380","3","11","857","1"
"6cb6ffe9-3b14-47fd-849a-b3debb163afd","23,448","65%","2025-01-21T18:32","12,417","6,528","3","11","882","1"
"a9a1dd2c-46c6-4948-a941-c865d6ff9e5d","23,448","68%","2025-01-22T06:23","12,417","6,662","3","11","890","1"
"9360dbbc-6c6c-4de6-9f5c-368643ce2d04","23,448","68%","2025-01-22T08:51","12,417","6,662","3","11","890","1"
"d06f8f72-4571-46ba-bf91-93ff32a5a93f","23,448","68%","2025-01-22T14:34","12,417","6,662","3","11","890","1"
"5910a24b-1af9-4e03-bf7c-dbac9f728d7a","23,448","68%","2025-01-22T16:15","12,417","6,662","3","11","890","1"
"0fca1576-b342-4377-9fd8-2f662233f57a","23,448","70%","2025-01-22T18:32","12,417","6,662","3","11","890","1"
"238eb85e-6431-4d98-a800-bb08913541d6","23,448","72%","2025-01-23T06:28","12,417","6,770","3","11","904","1"
"8171ce52-bfbc-46eb-ba15-9c599e458ced","23,448","72%","2025-01-23T08:32","12,417","6,770","3","11","904","1"
"557f19fc-3da1-43ba-97ff-23859112a0fa","23,448","72%","2025-01-23T10:50","12,417","6,770","3","11","904","1"
"0e442186-897c-42da-9399-7791e3dfb6fc","23,448","72%","2025-01-23T14:25","12,417","6,770","3","11","904","1"
"1f9be207-cd32-4643-9bc4-60bf6dbcd335","23,448","72%","2025-01-23T15:18","12,417","6,770","3","11","904","1"
"6a47d273-64e5-48dd-ba62-66ead4201fbb","23,448","75%","2025-01-23T19:03","12,317","6,810","3","11","941","1"
"df350599-91f9-42c0-b10d-96a804fad4a4","23,448","75%","2025-01-23T20:08","12,317","6,810","3","11","941","1"
"36cabf7c-1843-4bea-bc99-851d9a6296d4","23,448","77%","2025-01-24T06:24","12,317","6,809","3","11","972","1"
"0707c9b0-4da9-4129-8e42-5c589e3af099","23,448","77%","2025-01-24T12:26","12,317","6,809","3","11","972","1"
"2f249c61-94cc-40cb-a8cb-7eff0f0d3d83","23,448","79%","2025-01-24T18:13","12,317","6,822","3","11","1,005","1"
"151fbca7-58ad-4bba-b327-9e5ed651473a","23,448","79%","2025-01-25T08:38","12,317","6,808","3","11","966","1"
"dd8fe406-9089-41a4-8bfe-adcf1aaf3957","23,448","79%","2025-01-25T14:30","12,317","6,808","3","11","966","1"
"68ab11b3-2d6f-41c9-ae99-c6e44a488f2e","23,448","79%","2025-01-25T14:32","12,317","6,808","3","11","966","1"
"8607a763-c3f3-4157-9f25-4d4053ce9581","23,448","79%","2025-01-25T17:46","12,317","6,808","3","11","966","1"
"01298765-e538-4574-8b6f-3c5fe1edbc9d","23,448","84%","2025-01-25T18:17","12,317","6,834","3","11","1,016","1"
"6a88a628-2ddf-4929-b056-2a4366420ba1","23,448","84%","2025-01-26T09:08","12,317","6,834","3","11","1,016","1"
"82e6dcd6-3eaa-45bc-8090-29ceff5e0cce","23,448","84%","2025-01-26T09:28","12,317","6,834","3","11","1,016","1"
"900c95b3-b29c-4f1f-88b1-5233a900ce37","23,448","84%","2025-01-26T10:48","12,317","6,834","3","11","1,016","1"
"19926031-7b89-4caf-9826-b324d96cfb30","23,448","84%","2025-01-26T13:25","12,317","6,834","3","11","1,016","1"
"bb2cc5cd-3a3b-426f-a9ae-97805899f19d","23,448","84%","2025-01-26T15:51","12,317","6,834","3","11","1,016","1"
"67dda116-e67c-46a6-948a-a31f7f131b85","23,448","90%","2025-01-26T17:35","12,317","6,837","3","11","1,017","1"
"85e44d6b-77c8-4e02-8819-1749991a5c60","23,448","90%","2025-01-27T12:50","12,317","6,837","3","11","1,017","1"
"26ae17c3-7807-448e-89c7-7cd54429637b","23,448","90%","2025-01-27T12:55","12,317","6,837","3","11","1,017","1"
"1debef71-9145-4e47-b68e-4346b728babb","23,448","90%","2025-01-27T12:56","12,317","6,837","3","11","1,017","1"
"425ef556-140c-40ab-ada9-b394434cc0ee","23,448","90%","2025-01-27T13:00","12,317","6,837","3","11","1,017","1"
"868d1c5b-140f-4f71-9ed7-f748c787f8aa","23,448","90%","2025-01-27T15:54","12,317","6,837","3","11","1,017","1"
"eb17c568-424c-4376-87c9-3e1bd6826d7f","23,448","95%","2025-01-27T17:22","12,317","6,837","3","12","1,017","1"
"b2c9d228-4857-43a1-aa7a-22b39c852789","23,448","95%","2025-01-28T08:22","12,317","6,837","3","12","1,017","1"
"632ea637-4d58-4b71-9050-740acceab450","23,448","95%","2025-01-28T09:29","12,317","6,837","3","12","1,017","1"
"c83d0751-14b3-4587-9043-27cba51d8b29","23,448","95%","2025-01-30T17:35","12,317","6,837","3","12","1,017","1"
"fd5da177-2bbc-489d-b9eb-f3e7cd493b58","23,448","95%","2025-02-03T14:03","12,317","6,831","3","12","973","1"
"c2f1e8db-30bf-4d18-bad2-cc36d50a1484","23,448","95%","2025-02-04T07:40","12,317","6,831","3","12","973","1"
"46702572-7a54-4147-8984-f972a9182b83","23,448","95%","2025-02-04T10:01","12,317","6,831","3","12","973","1"
"2802fe18-0386-474c-ab33-819e7b616666","23,448","95%","2025-02-04T10:05","12,317","6,831","3","12","973","1"
"7dd9a730-1a70-4a8a-b2a7-9f3971bcd89d","23,448","95%","2025-02-04T11:06","12,317","6,831","3","12","973","1"
"9670318e-d5f5-4c88-93a9-92fda172a80d","23,448","95%","2025-02-05T08:00","12,317","6,831","3","12","973","1"
"dc2c46f5-957a-47b7-ba3e-a903596ed85d","23,448","95%","2025-02-05T08:31","12,317","6,831","3","12","973","1"
"590a9c92-1a6d-49c1-8ac8-128f33c0a63e","23,448","95%","2025-02-07T12:57","12,317","6,833","3","12","973","1"
"fc673f28-0d66-402b-9ebe-2380a9bf3c26","23,448","95%","2025-02-10T15:46","12,317","6,833","3","12","973","1"