objectid,globalid,CreationDate,Creator,EditDate,Editor,event_name,first_date_of_poc,iou,de_energization_status,de_energization_starting_date,full_restoration_date,customers_notified,customers_de_energized,cancelledremoved_from_scope,mbl_de_energized,counties_de_energized,tribes_de_energized,transmission_circuits_de_energi,distribution_circuits_in_scope,distribution_circuits_de_energi,damageshazards,cfci_de_energized,crcccvcrv_open,x,y
1,78075ed0-4050-4534-8b02-5de6c80c2c86,2023-11-30T22:01:09,mabel.wu_CaPUC,2024-03-11T21:25:36,mabel.wu_CaPUC,PGE PSPS Event 10/11/21,2021-10-11T19:00:00,PGE,Yes,2021-10-11T19:00:00,2021-10-12T19:00:00,46840,23504,23336,1738,23,5,3,128,95,8,660,24,0,0
2,8e973c65-00f2-4df7-8aa1-19c923c99e93,2023-11-30T22:02:56,mabel.wu_CaPUC,2024-03-11T21:25:50,mabel.wu_CaPUC,SCE PSPS Event 10/11/21,2021-10-11T19:00:00,SCE,Yes,2021-10-11T19:00:00,2021-10-12T19:00:00,12033,40,11993,0,1,0,0,17,2,0,31,1,0,0
3,c110bce1-1d5b-4c6c-8d05-936259a47e53,2023-11-30T22:05:29,mabel.wu_CaPUC,2024-03-11T21:26:02,mabel.wu_CaPUC,PGE PSPS Event 10/14/21,2021-10-14T19:00:00,PGE,Yes,2021-10-14T19:00:00,2021-10-16T19:00:00,29114,666,28448,34,1,0,0,109,6,1,38,11,0,0
4,7888b745-24a1-473b-8bc3-dc4f6f8eaa61,2023-11-30T22:09:00,mabel.wu_CaPUC,2024-03-11T21:26:14,mabel.wu_CaPUC,SCE PSPS Event 10/15/21,2021-10-15T19:00:00,SCE,Yes,2021-10-15T19:00:00,2021-10-16T19:00:00,3478,104,3374,0,2,0,0,9,3,0,37,1,0,0
5,906f20cc-c036-4a86-8d7f-0e3ab055da7a,2023-11-30T22:12:00,mabel.wu_CaPUC,2024-03-11T21:26:26,mabel.wu_CaPUC,SCE PSPS Event 10/17/21,2021-10-17T19:00:00,SCE,No,,,335,0,335,0,0,0,0,2,0,0,0,0,0,0
6,c952bec8-ce61-4ba5-8818-203e9841cc9c,2023-11-30T22:13:46,mabel.wu_CaPUC,2024-03-11T21:26:41,mabel.wu_CaPUC,SCE PSPS Event 10/22/21,2021-10-22T19:00:00,SCE,Yes,2021-10-22T19:00:00,2021-10-22T19:00:00,601,112,489,2,1,0,0,6,1,1,5,7,0,0
7,80e4fa99-0c39-4026-876a-aed78a1192c2,2023-11-30T22:15:49,mabel.wu_CaPUC,2024-03-11T21:26:55,mabel.wu_CaPUC,SCE PSPS Event 11/21/21,2021-11-21T20:00:00,SCE,Yes,2021-11-21T20:00:00,2021-11-22T20:00:00,25137,5197,19940,160,5,2,0,23,13,4,77,11,0,0
8,3b5c8e76-3c71-41a5-8aee-eddb068cd1a0,2023-11-30T22:18:04,mabel.wu_CaPUC,2024-03-11T21:27:10,mabel.wu_CaPUC,SCE PSPS Event 11/24/21,2021-11-24T20:00:00,SCE,Yes,2021-11-24T20:00:00,2021-11-26T20:00:00,203124,79697,123427,2522,5,3,0,180,102,8,2048,0,0,0
9,a06581ce-3010-48cd-88cd-f0d106a6da71,2023-11-30T22:19:46,mabel.wu_CaPUC,2024-03-11T21:27:25,mabel.wu_CaPUC,SDGE PSPS Event 11/24/21,2021-11-24T20:00:00,SDGE,Yes,2021-11-24T20:00:00,2021-11-26T20:00:00,54527,5858,48669,406,1,5,0,79,13,0,241,3,0,0
10,868ba9e7-aca8-4c60-8bfc-f0e32ce58bb7,2023-11-30T22:20:53,mabel.wu_CaPUC,2023-11-30T22:20:53,mabel.wu_CaPUC,SCE PSPS Event 06/17/22,2022-06-17T19:00:00,SCE,No,,,3,0,3,0,0,0,0,1,0,0,0,0,0,0
11,33d1159e-c630-4a2c-8051-5a4b61dc56ef,2023-11-30T22:22:39,mabel.wu_CaPUC,2023-12-04T18:53:02,mabel.wu_CaPUC,SCE PSPS Event 07/22/22,2022-07-22T19:00:00,SCE,Yes,2022-07-22T19:00:00,2022-07-23T19:00:00,187,209,5,4,2,0,0,2,2,0,39,2,0,0
12,004dbeba-5022-4c5f-8a76-807434c3281d,2023-11-30T22:24:18,mabel.wu_CaPUC,2023-11-30T22:24:18,mabel.wu_CaPUC,SCE PSPS Event 09/09/22,2022-09-09T19:00:00,SCE,No,,,79041,0,79041,0,0,0,0,79,0,0,0,8,0,0
13,639a2078-987e-4d98-82cc-d3524f6eb90b,2023-11-30T22:26:26,mabel.wu_CaPUC,2024-12-18T22:54:36,mabel.wu_CaPUC,Liberty Utility PSOM Event 10/21/22,2022-10-21T19:00:00,Liberty Utilities,No,,,1,0,0,0,0,0,0,1,0,0,0,0,0,0
14,df08bc4c-fb00-48a5-8a99-cabd33a37f64,2023-11-30T22:27:50,mabel.wu_CaPUC,2023-11-30T22:27:50,mabel.wu_CaPUC,SCE PSPS Event 10/22/22,2022-10-22T19:00:00,SCE,No,,,59467,0,59467,0,0,0,0,78,0,0,0,14,0,0
15,f4508b5f-8375-443f-846a-09663d4bc6f4,2023-11-30T22:29:17,mabel.wu_CaPUC,2023-12-04T18:47:19,mabel.wu_CaPUC,PG&E PSPS Event 10/22/22,2022-10-22T19:00:00,PGE,No,,,5769,0,5768,0,0,0,0,33,0,0,0,5,0,0
16,e38b98b0-1031-46ad-8d4e-711dad07f780,2023-11-30T22:30:50,mabel.wu_CaPUC,2023-11-30T22:30:50,mabel.wu_CaPUC,SCE PSPS Event 11/18/22,2022-11-18T20:00:00,SCE,Yes,2022-11-19T20:00:00,2022-11-20T20:00:00,16959,5375,16139,177,2,0,0,14,4,0,122,4,0,0
17,2c4ae422-c9fa-48c0-85c9-2d00dbf3faef,2023-11-30T22:32:36,mabel.wu_CaPUC,2023-11-30T22:32:36,mabel.wu_CaPUC,SCE PSPS Event 11/24/22,2022-11-24T20:00:00,SCE,Yes,2022-11-24T20:00:00,2022-11-25T20:00:00,50288,10200,40111,383,2,0,0,33,7,1,156,9,0,0
18,cf4599db-baf5-46f4-8911-40d978f805b6,2023-11-30T22:34:02,mabel.wu_CaPUC,2023-11-30T22:34:02,mabel.wu_CaPUC,SCE PSPS Event 07/11/23,2023-07-11T19:00:00,SCE,Yes,2023-07-11T19:00:00,2023-07-13T19:00:00,5,5,0,0,1,0,0,1,1,0,2,0,0,0
19,f9b3afa3-017f-4aca-8a3e-064584d612bf,2023-11-30T22:35:18,mabel.wu_CaPUC,2023-11-30T22:35:18,mabel.wu_CaPUC,SCE PSPS Event 07/18/23,2023-07-18T19:00:00,SCE,No,,,5,0,5,0,0,0,0,1,0,0,0,0,0,0
20,7f628e92-d9d4-4ab9-826a-7b69cc7bca0f,2023-11-30T22:36:50,mabel.wu_CaPUC,2023-11-30T22:36:50,mabel.wu_CaPUC,PG&E PSPS Event 08/30/23,2023-08-30T19:00:00,PGE,Yes,2023-08-30T19:00:00,2023-08-31T19:00:00,8444,3928,4527,324,7,2,3,31,18,1,135,8,0,0
21,6cced730-81f7-4098-8c43-80e271250ed9,2023-11-30T22:38:24,mabel.wu_CaPUC,2023-11-30T22:38:24,mabel.wu_CaPUC,PG&E PSPS Event 09/20/23,2023-09-20T19:00:00,PGE,Yes,2023-09-20T19:00:00,2023-09-21T19:00:00,5355,1171,4187,127,3,0,0,30,6,1,41,8,0,0
22,bba9fa46-299e-4d3e-82c5-24611b819921,2023-11-30T23:17:15,mabel.wu_CaPUC,2023-11-30T23:17:15,mabel.wu_CaPUC,PG&E PSPS Event 09/30/23,2023-09-30T19:00:00,PGE,No,,,0,0,0,0,0,0,0,0,0,0,0,0,0,0
23,f5988bf1-cdc1-4649-85eb-77fb10bbac31,2023-11-30T23:19:22,mabel.wu_CaPUC,2023-11-30T23:19:22,mabel.wu_CaPUC,SDG&E PSPS Event 10/29/23,2023-10-29T19:00:00,SDGE,No,,,1109,0,1109,0,0,0,0,10,0,0,0,0,0,0
24,63be626c-008e-4a58-8dd4-3edd6d4cc2c0,2023-11-30T23:20:47,mabel.wu_CaPUC,2024-04-08T23:08:07,mabel.wu_CaPUC,SCE PSPS Event 11/08/23,2023-11-08T20:00:00,SCE,Yes,2023-11-09T20:00:00,2023-11-10T20:00:00,79078,338,78755,9,2,1,0,73,4,0,48,6,0,0
25,399d92af-71e4-4a11-8a13-3d0487ca6c78,2023-11-30T23:29:30,mabel.wu_CaPUC,2023-11-30T23:29:30,mabel.wu_CaPUC,SCE PSPS Event 10/11/23,2023-10-11T19:00:00,SCE,No,,,8124,0,8124,0,0,0,0,8,0,0,0,4,0,0
28,9958b480-5e21-422d-8f9f-3d91be28d7df,2023-12-04T18:32:10,mabel.wu_CaPUC,2024-04-08T22:40:09,mabel.wu_CaPUC,SCE PSPS Event 10/29/23,2023-10-29T19:00:00,SCE,Yes,2023-10-29T19:00:00,2023-11-02T19:00:00,203538,25504,183935,588,5,0,0,186,41,3,661,14,0,0
29,21b2a7b9-2a0b-4d0e-8a4a-0de8f66f1e6c,2023-12-08T18:17:23,mabel.wu_CaPUC,2024-04-08T23:05:48,mabel.wu_CaPUC,SCE PSPS Event 11/20/23,2023-11-20T20:00:00,SCE,Yes,2023-11-20T20:00:00,2023-11-21T20:00:00,40859,2780,38051,103,3,0,0,35,5,0,139,6,0,0
30,fa633365-103a-4f35-883c-8b0456f1f25d,2023-12-11T23:04:36,mabel.wu_CaPUC,2023-12-11T23:04:36,mabel.wu_CaPUC,SCE PSPS Event 11/26/23,2023-11-26T20:00:00,SCE,No,,,2699,0,2699,0,0,0,0,5,0,0,0,2,0,0
31,672b4312-1beb-4c46-80b3-feb8bfba7709,2023-12-20T21:19:33,mabel.wu_CaPUC,2024-03-11T21:08:12,mabel.wu_CaPUC,SCE PSPS Event 10/12/18,2018-10-12T19:00:00,SCE,No,,,135302,0,,,,,,,,,,,0,0
32,4dbb39db-8598-44b5-8c06-7388546fd1bb,2023-12-20T21:23:31,mabel.wu_CaPUC,2024-03-11T21:08:26,mabel.wu_CaPUC,PGE PSPS Event 10/14/18,2018-10-14T19:00:00,PGE,Yes,2018-10-14T19:00:00,2018-10-17T19:00:00,57420,60086,,,,,,,,,,,0,0
33,c20cfeea-9602-486b-80aa-92a9700b85cd,2024-02-08T22:14:24,mabel.wu_CaPUC,2024-03-11T21:07:52,mabel.wu_CaPUC,SDGE PSPS Event 01/27/18,2018-01-27T20:00:00,SDGE,Yes,2018-01-27T20:00:00,2018-01-29T20:00:00,14598,5810,,,,,,,,,,,0,0
34,cb8ae306-ce30-484a-8a9e-731e44735e01,2024-02-13T15:44:18,mabel.wu_CaPUC,2024-03-11T21:08:39,mabel.wu_CaPUC,SDGE PSPS Event 10/15/18,2018-10-15T19:00:00,SDGE,Yes,2018-10-15T19:00:00,2018-10-16T19:00:00,4236,379,,,,,,,,,,,0,0
35,4dd768d5-c778-4401-8c10-7ded27bc3939,2024-02-13T15:45:53,mabel.wu_CaPUC,2024-03-11T21:08:59,mabel.wu_CaPUC,SDGE PSPS Event 10/19/18,2018-10-19T19:00:00,SDGE,Yes,2018-10-19T19:00:00,2018-10-20T19:00:00,3755,19,,,,,,,,,,,0,0
36,58adc8ec-8e1f-401c-81c1-142e4a9fc00a,2024-02-13T15:47:12,mabel.wu_CaPUC,2024-03-11T21:09:14,mabel.wu_CaPUC,SCE PSPS Event 11/05/18,2018-11-05T20:00:00,SCE,Yes,2018-11-05T20:00:00,2018-11-13T20:00:00,68537,114,,,,,,,,,,,0,0
37,a391b3d6-0f03-4c8f-855e-d833e9fb50a7,2024-02-13T15:49:05,mabel.wu_CaPUC,2024-03-11T21:09:28,mabel.wu_CaPUC,PGE PSPS Event 11/06/18,2018-11-06T20:00:00,PGE,No,,,0,0,,,,,,,,,,,0,0
38,e59869dc-8cb3-40b3-80c8-3133ba1fd98c,2024-02-13T15:50:07,mabel.wu_CaPUC,2024-03-11T21:10:01,mabel.wu_CaPUC,SDGE PSPS Event 11/11/18,2018-11-11T20:00:00,SDGE,Yes,2018-11-11T20:00:00,2018-11-16T20:00:00,39374,20837,,,,,,,,,,,0,0
39,7468dd3b-e120-41bb-8697-e6a78938395d,2024-02-13T15:51:32,mabel.wu_CaPUC,2024-03-11T21:10:15,mabel.wu_CaPUC,SCE PSPS Event 12/29/18,2018-12-29T20:00:00,SCE,Yes,2019-01-01T20:00:00,2019-01-01T20:00:00,74564,34,,,,,,,,,,,0,0
40,a5f933f3-0d19-4e99-804a-ef5144f4fe93,2024-02-13T15:52:38,mabel.wu_CaPUC,2024-03-11T21:10:28,mabel.wu_CaPUC,PGE PSPS Event 06/07/19,2019-06-07T19:00:00,PGE,Yes,2019-06-07T19:00:00,2019-06-09T19:00:00,21015,22474,,,,,,,,,,,0,0
41,e1a8a156-24a3-4a72-8909-1e18f5e43e30,2024-02-13T15:53:45,mabel.wu_CaPUC,2024-03-11T21:10:39,mabel.wu_CaPUC,SCE PSPS Event 06/17/19,2019-06-17T19:00:00,SCE,No,,,6464,0,,,,,,,,,,,0,0
42,1af8e8e1-08ea-4d65-8afd-53513f35551a,2024-02-13T15:57:00,mabel.wu_CaPUC,2024-03-11T21:10:57,mabel.wu_CaPUC,SCE PSPS Event 06/28/19,2019-06-28T19:00:00,SCE,No,,,13653,0,,,,,,,,,,,0,0
43,492b01ae-b809-47b7-8f36-ca1cc10e5f0c,2024-02-13T15:57:44,mabel.wu_CaPUC,2024-03-11T21:11:12,mabel.wu_CaPUC,SCE PSPS Event 07/09/19,2019-07-09T19:00:00,SCE,No,,,105133,0,,,,,,,,,,,0,0
44,4f41748a-e6b9-45d3-88ed-fbc24c0f92a3,2024-02-13T15:58:29,mabel.wu_CaPUC,2024-03-11T21:11:25,mabel.wu_CaPUC,SCE PSPS Event 07/22/19,2019-07-22T19:00:00,SCE,No,,,18032,0,,,,,,,,,,,0,0
45,0a2f0c3a-df72-4fb3-81c0-77090127811f,2024-02-13T15:59:16,mabel.wu_CaPUC,2024-03-11T21:11:38,mabel.wu_CaPUC,SCE PSPS Event 07/29/19,2019-07-29T19:00:00,SCE,No,,,16595,0,,,,,,,,,,,0,0
46,122cc1fb-de28-4258-8363-135e13b7cb5d,2024-02-13T16:00:04,mabel.wu_CaPUC,2024-03-11T21:11:52,mabel.wu_CaPUC,SCE PSPS Event 08/03/19,2019-08-03T19:00:00,SCE,No,,,4307,0,,,,,,,,,,,0,0
47,35210d5a-08ae-4a93-8159-8a7912dd2e36,2024-02-13T16:00:40,mabel.wu_CaPUC,2024-03-11T21:12:05,mabel.wu_CaPUC,SCE PSPS Event 08/12/19,2019-08-12T19:00:00,SCE,No,,,1722,0,,,,,,,,,,,0,0
48,6a900c88-c75f-4b7b-8d3d-08c1c60fa598,2024-02-13T16:02:23,mabel.wu_CaPUC,2024-03-11T21:12:18,mabel.wu_CaPUC,SCE PSPS Event 09/04/19,2019-09-04T19:00:00,SCE,Yes,2019-09-04T19:00:00,2019-09-08T19:00:00,19046,632,,,,,,,,,,,0,0
49,c71e022b-9869-4c72-8981-a92de17c8161,2024-02-13T16:03:29,mabel.wu_CaPUC,2024-03-11T21:12:31,mabel.wu_CaPUC,SCE PSPS Event 09/09/19,2019-09-09T19:00:00,SCE,Yes,2019-09-09T19:00:00,2019-09-19T19:00:00,24934,14787,,,,,,,,,,,0,0
50,5681a92b-695e-4afc-8c1d-8b0741035528,2024-02-13T16:04:27,mabel.wu_CaPUC,2024-03-11T21:12:43,mabel.wu_CaPUC,SCE PSPS Event 09/21/19,2019-09-21T19:00:00,SCE,Yes,2019-09-21T19:00:00,2019-10-01T19:00:00,436076,85,,,,,,,,,,,0,0
51,308012af-3d1a-424e-81de-af58cd406ca3,2024-02-13T16:05:40,mabel.wu_CaPUC,2024-03-11T21:13:27,mabel.wu_CaPUC,SCE PSPS Event 10/02/19,2019-10-02T19:00:00,SCE,Yes,2019-10-02T19:00:00,2019-10-12T19:00:00,836593,23824,,,,,,,,,,,0,0
52,ebe9b9de-dc03-4625-88ee-9efecf44ceb7,2024-02-13T16:07:02,mabel.wu_CaPUC,2024-03-11T21:13:42,mabel.wu_CaPUC,PGE PSPS Event 10/05/19,2019-10-05T19:00:00,PGE,Yes,2019-10-05T19:00:00,2019-10-06T19:00:00,10243,11609,,,,,,,,,,,0,0
53,d0d88ebd-f8cd-410d-8631-179cf9d88bce,2024-02-13T16:08:07,mabel.wu_CaPUC,2024-03-11T21:13:59,mabel.wu_CaPUC,PGE PSPS Event 10/09/19,2019-10-09T19:00:00,PGE,Yes,2019-10-09T19:00:00,2019-10-12T19:00:00,711971,735440,,,,,,,,,,,0,0
54,5f11003b-a982-4c57-8c5e-efd5f5da0280,2024-02-13T16:09:07,mabel.wu_CaPUC,2024-03-11T21:14:17,mabel.wu_CaPUC,SDGE PSPS Event 10/10/19,2019-10-10T19:00:00,SDGE,Yes,2019-10-10T19:00:00,2019-10-11T19:00:00,43012,395,,,,,,,,,,,0,0
55,3c20d689-128c-416e-8a95-214803b10137,2024-02-13T16:10:17,mabel.wu_CaPUC,2024-03-11T21:14:29,mabel.wu_CaPUC,SCE PSPS Event 10/12/19,2019-10-12T19:00:00,SCE,Yes,2019-10-12T19:00:00,2019-10-21T19:00:00,328506,639,,,,,,,,,,,0,0
56,4333898b-b637-43be-869b-cea7dc7ff799,2024-02-13T16:11:48,mabel.wu_CaPUC,2024-03-11T21:15:07,mabel.wu_CaPUC,SCE PSPS Event 10/21/19,2019-10-21T19:00:00,SCE,Yes,2019-10-21T19:00:00,2019-10-26T19:00:00,107727,30531,,,,,,,,,,,0,0
57,4b8ef7c8-59da-43a0-896a-983674e0d648,2024-02-13T16:13:01,mabel.wu_CaPUC,2024-03-11T21:15:31,mabel.wu_CaPUC,PGE PSPS Event 10/23/19,2019-10-23T19:00:00,PGE,Yes,2019-10-23T19:00:00,2019-10-25T19:00:00,176740,178813,,,,,,,,,,,0,0
58,afa81278-165a-4b24-8444-bfb81d19f19e,2024-02-13T16:14:19,mabel.wu_CaPUC,2024-03-11T21:15:44,mabel.wu_CaPUC,PGE PSPS Event 10/26/19,2019-10-26T19:00:00,PGE,Yes,2019-10-26T19:00:00,2019-11-01T19:00:00,930466,967754,,,,,,,,,,,0,0
59,4eb88ff0-035c-459a-8987-b8686ace0a20,2024-02-13T16:15:28,mabel.wu_CaPUC,2024-03-11T21:15:59,mabel.wu_CaPUC,SCE PSPS Event 10/27/19,2019-10-27T19:00:00,SCE,Yes,2019-10-27T19:00:00,2019-11-04T20:00:00,1615308,126364,,,,,,,,,,,0,0
60,0bd1c168-d856-4afd-8885-46769c138559,2024-02-13T16:16:26,mabel.wu_CaPUC,2024-03-11T21:16:11,mabel.wu_CaPUC,SCE PSPS Event 11/15/19,2019-11-15T20:00:00,SCE,Yes,2019-11-15T20:00:00,2019-11-17T20:00:00,87502,49,,,,,,,,,,,0,0
61,03eba4fb-bd59-4434-8804-872dd7d80a85,2024-02-13T16:17:39,mabel.wu_CaPUC,2024-03-11T21:16:27,mabel.wu_CaPUC,SDGE PSPS Event 11/17/19,2019-11-17T20:00:00,SDGE,Yes,2019-11-17T20:00:00,2019-11-19T20:00:00,19,21,,,,,,,,,,,0,0
62,f36e6031-2693-43cf-8d9c-dc900acbe163,2024-02-13T16:18:46,mabel.wu_CaPUC,2024-03-11T21:16:43,mabel.wu_CaPUC,PGE PSPS Event 11/20/19,2019-11-20T20:00:00,PGE,Yes,2019-11-20T20:00:00,2019-11-21T20:00:00,48382,49203,,,,,,,,,,,0,0
63,b71ed081-5a92-4519-861e-c8f79725d8b7,2024-02-13T16:21:31,mabel.wu_CaPUC,2024-03-11T21:16:58,mabel.wu_CaPUC,SCE PSPS Event 11/23/19,2019-11-23T20:00:00,SCE,Yes,2019-11-23T20:00:00,2019-11-26T20:00:00,156542,1192,,,,,,,,,,,0,0
64,93eee403-a131-4959-8a99-28107a4f77c3,2024-02-13T16:22:30,mabel.wu_CaPUC,2024-03-11T21:17:13,mabel.wu_CaPUC,SCE PSPS Event 05/28/20,2020-05-28T19:00:00,SCE,No,,,3366,0,,,,,,,,,,,0,0
65,6760ac95-372e-407a-8018-94a080545f6e,2024-02-13T16:23:51,mabel.wu_CaPUC,2024-03-11T21:17:27,mabel.wu_CaPUC,SCE PSPS Event 06/28/20,2020-06-28T19:00:00,SCE,No,,,13444,0,,,,,,,,,,,0,0
66,4878b3e4-ccd8-434c-842b-0401d7d49d3e,2024-02-13T16:27:10,mabel.wu_CaPUC,2024-03-11T21:17:43,mabel.wu_CaPUC,SCE PSPS Event 07/31/20,2020-07-31T19:00:00,SCE,Yes,2020-07-31T19:00:00,2020-08-04T19:00:00,368,17,,,,,,,,,,,0,0
67,f369b20a-7ea3-4f94-8c56-4bc300741625,2024-02-13T16:28:18,mabel.wu_CaPUC,2024-03-11T21:17:59,mabel.wu_CaPUC,SCE PSPS Event 09/05/20,2020-09-05T19:00:00,SCE,Yes,2020-09-05T19:00:00,2020-09-11T19:00:00,76751,252,,,,,,,,,,,0,0
68,b02ebaef-5dae-4fae-865e-2b3791e29574,2024-02-13T16:29:36,mabel.wu_CaPUC,2024-03-11T21:18:15,mabel.wu_CaPUC,PGE PSPS Event 09/07/20,2020-09-07T19:00:00,PGE,Yes,2020-09-07T19:00:00,2020-09-10T19:00:00,190606,168594,,,,,,,,,,,0,0
69,4d936f00-45da-4380-83f2-30b75fba3493,2024-02-13T16:30:44,mabel.wu_CaPUC,2024-03-11T21:18:29,mabel.wu_CaPUC,SDGE PSPS Event 09/08/20,2020-09-08T19:00:00,SDGE,Yes,2020-09-08T19:00:00,2020-09-09T19:00:00,16761,49,,,,,,,,,,,0,0
70,f7d2ad90-8fb3-4ad3-83f5-cdd71b1eee0e,2024-02-13T16:31:51,mabel.wu_CaPUC,2024-03-11T21:18:52,mabel.wu_CaPUC,Pacificorp PSPS Event 09/11/20,2020-09-11T19:00:00,PacifiCorp,Yes,2020-09-13T19:00:00,2020-09-17T19:00:00,3159,2559,,,,,,,,,,,0,0
71,1bb3a047-20b5-48e3-822c-0f72519da5e6,2024-02-13T16:33:42,mabel.wu_CaPUC,2024-03-11T21:19:07,mabel.wu_CaPUC,PGE PSPS Event 09/26/20,2020-09-26T19:00:00,PGE,Yes,2020-09-27T19:00:00,2020-09-29T19:00:00,97606,64298,,,,,,,,,,,0,0
72,fbe98f6f-46dc-4dc6-8981-2c89e5e156b5,2024-02-13T17:00:18,mabel.wu_CaPUC,2024-03-11T21:19:18,mabel.wu_CaPUC,SDGE PSPS Event 09/28/20,2020-09-28T19:00:00,SDGE,No,,,741,0,,,,,,,,,,,0,0
73,7a8102be-8787-46df-814e-74183268b089,2024-02-13T17:35:15,mabel.wu_CaPUC,2024-03-11T21:19:31,mabel.wu_CaPUC,PGE PSPS Event 10/14/20,2020-10-14T19:00:00,PGE,Yes,2020-10-14T19:00:00,2020-10-17T19:00:00,56953,40574,,,,,,,,,,,0,0
74,81a4ffee-bb4f-4a54-8c6f-412d1c4f4616,2024-02-13T17:36:30,mabel.wu_CaPUC,2024-03-11T21:19:54,mabel.wu_CaPUC,SCE PSPS Event 10/16/20,2020-10-16T19:00:00,SCE,Yes,2020-10-16T19:00:00,2020-10-16T19:00:00,78,86,,,,,,,,,,,0,0
75,2f77d16d-7b49-484d-8946-54ba93ad67c3,2024-02-13T17:37:18,mabel.wu_CaPUC,2024-03-11T21:20:06,mabel.wu_CaPUC,PGE PSPS Event 10/21/20,2020-10-21T19:00:00,PGE,Yes,2020-10-21T19:00:00,2020-10-23T19:00:00,56636,30154,,,,,,,,,,,0,0
76,350d0a1e-ed1d-45e4-828a-b0555602fc93,2024-02-13T17:38:34,mabel.wu_CaPUC,2024-03-11T21:20:48,mabel.wu_CaPUC,SCE PSPS Event 10/26/20,2020-10-26T19:00:00,SCE,Yes,2020-10-23T19:00:00,2020-10-28T19:00:00,128543,36290,,,,,,,,,,,0,0
77,78324017-b0f4-4b17-85a3-87ba82a6ca4f,2024-02-13T17:39:35,mabel.wu_CaPUC,2024-03-11T21:20:19,mabel.wu_CaPUC,PGE PSPS Event 10/25/20,2020-10-25T19:00:00,PGE,Yes,2020-10-25T19:00:00,2020-10-28T19:00:00,466378,345470,,,,,,,,,,,0,0
78,ff6b5223-06ac-49d2-8e5a-b28fd3bcdcd6,2024-02-13T17:40:13,mabel.wu_CaPUC,2024-03-11T21:20:34,mabel.wu_CaPUC,Pacificorp PSPS Event 10/25/20,2020-10-25T19:00:00,PacifiCorp,No,,,848,0,,,,,,,,,,,0,0
79,809eef11-eb60-43cb-8db4-578c998929be,2024-02-13T17:41:08,mabel.wu_CaPUC,2024-03-11T21:20:59,mabel.wu_CaPUC,SDGE PSPS Event 10/26/20,2020-10-26T19:00:00,SDGE,Yes,2020-10-26T19:00:00,2020-10-27T19:00:00,21481,4373,,,,,,,,,,,0,0
80,16ca6807-c875-4efa-8d5b-f0877af21a5f,2024-02-13T17:41:58,mabel.wu_CaPUC,2024-03-11T21:21:11,mabel.wu_CaPUC,SCE PSPS Event 11/03/20,2020-11-03T20:00:00,SCE,Yes,2020-11-03T20:00:00,2020-11-07T20:00:00,5682,1335,,,,,,,,,,,0,0
81,cb349076-cd33-430a-8f17-56b2809ca225,2024-02-13T17:43:17,mabel.wu_CaPUC,2024-03-11T21:21:23,mabel.wu_CaPUC,SCE PSPS Event 11/14/20,2020-11-14T20:00:00,SCE,Yes,2020-11-14T20:00:00,2020-10-18T19:00:00,10402,509,,,,,,,,,,,0,0
82,0a2e80a1-1a4d-4ca6-8f50-b6be380a9ada,2024-02-13T17:44:16,mabel.wu_CaPUC,2024-03-11T21:21:36,mabel.wu_CaPUC,SCE PSPS Event 11/24/20,2020-11-24T20:00:00,SCE,Yes,2020-11-24T20:00:00,2020-11-28T20:00:00,84151,20687,,,,,,,,,,,0,0
83,5d295afc-2929-42ff-8055-298861007bf0,2024-02-13T17:45:07,mabel.wu_CaPUC,2024-03-11T21:22:10,mabel.wu_CaPUC,PGE PSPS Event 12/02/20,2020-12-02T20:00:00,PGE,Yes,2020-12-02T20:00:00,2020-12-03T20:00:00,617,617,,,,,,,,,,,0,0
84,86d3777c-12d7-4fda-89f2-ad3bc17c09b4,2024-02-13T17:46:14,mabel.wu_CaPUC,2024-03-11T21:22:21,mabel.wu_CaPUC,SCE PSPS Event 12/04/20,2020-12-04T20:00:00,SCE,Yes,2020-12-04T20:00:00,2020-12-14T20:00:00,185229,79154,,,,,,,,,,,0,0
85,ffb7b435-34c8-43a5-8357-bcd0ab502079,2024-02-13T17:47:22,mabel.wu_CaPUC,2024-03-11T21:22:34,mabel.wu_CaPUC,PGE PSPS Event 12/07/20,2020-12-07T20:00:00,PGE,No,,,142773,0,,,,,,,,,,,0,0
86,cfa36fcd-1138-49d7-8ea0-45201af0d68a,2024-02-13T18:25:19,mabel.wu_CaPUC,2024-03-11T21:22:45,mabel.wu_CaPUC,SCE PSPS Event 12/16/20,2020-12-16T20:00:00,SCE,Yes,2020-12-16T20:00:00,2020-12-24T20:00:00,140950,27519,,,,,,,,,,,0,0
87,6155bc38-fdbe-49be-8ad8-25e3a6371762,2024-02-13T18:26:34,mabel.wu_CaPUC,2024-03-11T21:22:59,mabel.wu_CaPUC,SDGE PSPS Event 12/23/20,2020-12-23T20:00:00,SDGE,Yes,2020-12-23T20:00:00,2020-12-24T20:00:00,31444,6797,,,,,,,,,,,0,0
88,6aa07fb8-f609-4d39-82a3-7c9cc60779c5,2024-02-13T18:50:03,mabel.wu_CaPUC,2024-03-11T21:21:59,mabel.wu_CaPUC,SCE PSPS Event 11/29/20,2020-11-29T20:00:00,SCE,Yes,2020-11-29T20:00:00,2020-12-04T20:00:00,197301,64348,,,,,,,,,,,0,0
89,4e4344fd-053e-4cd1-8912-5e24c2a0093d,2024-02-13T18:50:56,mabel.wu_CaPUC,2024-03-11T21:23:13,mabel.wu_CaPUC,SDGE PSPS Event 01/14/21,2021-01-14T20:00:00,SDGE,No,,,9873,0,,,,,,,,,,,0,0
90,05e6403a-9518-4188-865b-5aaddbcc9911,2024-02-13T18:52:34,mabel.wu_CaPUC,2024-03-11T21:23:41,mabel.wu_CaPUC,PGE PSPS Event 01/18/21,2021-01-18T20:00:00,PGE,Yes,2021-01-19T20:00:00,2021-01-20T20:00:00,22433,5099,,,,,,,,,,,0,0
91,abf984e9-fb4a-4d7d-82df-45c4dee0eb2e,2024-02-13T18:53:23,mabel.wu_CaPUC,2024-03-11T21:23:53,mabel.wu_CaPUC,SCE PSPS Event 04/13/21,2021-04-13T19:00:00,SCE,Yes,2021-04-13T19:00:00,2021-04-13T19:00:00,454,78,,,,,,,,,,,0,0
92,8a421998-b17b-4cd5-8f3c-aca8b1849cdf,2024-02-13T18:54:13,mabel.wu_CaPUC,2024-03-11T21:24:05,mabel.wu_CaPUC,SCE PSPS Event 06/14/21,2021-06-14T19:00:00,SCE,No,,,3954,0,,,,,,,,,,,0,0
93,04375570-40c2-4d4b-8eb9-72149b1da92a,2024-02-13T18:55:26,mabel.wu_CaPUC,2024-03-11T21:24:25,mabel.wu_CaPUC,PGE PSPS Event 08/17/21,2021-08-17T19:00:00,PGE,Yes,2021-08-17T19:00:00,2021-08-19T19:00:00,65861,48155,,,,,,,,,,,0,0
94,4c58fdeb-a5df-42b6-8b5f-4bc52d891f06,2024-02-13T18:56:19,mabel.wu_CaPUC,2024-03-11T21:24:43,mabel.wu_CaPUC,PacifiCorp PSPS Event 08/17/21,2021-08-17T19:00:00,PacifiCorp,Yes,2021-08-17T19:00:00,2021-08-18T19:00:00,1953,1953,,,,,,,,,,,0,0
95,71a9fa43-1d08-4d1a-8aca-4aecf0f213ee,2024-02-13T18:57:02,mabel.wu_CaPUC,2024-03-11T21:24:57,mabel.wu_CaPUC,Liberty PSPS Event 09/19/21,2021-09-19T19:00:00,Liberty Utilities,No,,,5316,0,,,,,,,,,,,0,0
96,716b8a12-b3ba-46c9-8dc9-5e3eede9a907,2024-02-13T18:58:15,mabel.wu_CaPUC,2024-03-11T21:25:10,mabel.wu_CaPUC,PGE PSPS Event 09/20/21,2021-09-20T19:00:00,PGE,Yes,2021-09-20T19:00:00,2021-09-21T19:00:00,17061,2968,,,,,,,,,,,0,0
97,7d73453a-113d-40a6-8a73-0c2c55e2727d,2024-02-13T18:59:11,mabel.wu_CaPUC,2024-03-11T21:25:23,mabel.wu_CaPUC,SCE PSPS Event 09/30/21,2021-09-30T19:00:00,SCE,Yes,2021-09-30T19:00:00,2021-09-30T19:00:00,9,9,,,,,,,,,,,0,0
98,1de0cda0-9944-4336-8ff2-22b67bc7807a,2024-02-13T19:04:04,mabel.wu_CaPUC,2024-04-08T23:00:44,mabel.wu_CaPUC,SCE PSPS Event 12/08/23,2023-12-08T20:00:00,SCE,Yes,2023-12-09T20:00:00,2023-12-11T20:00:00,120514,5311,115639,162,5,1,0,145,20,3,258,19,0,0
99,9b701a80-f41d-4f25-84e4-f7174e9a92bc,2024-02-13T19:05:23,mabel.wu_CaPUC,2024-02-13T19:05:23,mabel.wu_CaPUC,PG&E PSPS Event 12/15/23,2023-12-15T20:00:00,PGE,No,,,916,0,916,0,0,,0,11,0,0,0,1,0,0
100,37d94f8d-8540-4182-8bfb-cb7220f7c35c,2024-02-13T20:04:55,mabel.wu_CaPUC,2024-03-11T21:09:44,mabel.wu_CaPUC,SDGE PSPS Event 11/08/18,2018-11-08T20:00:00,SDGE,No,,,7313,0,,,,,,,,,,,0,0
101,c1dde64d-8576-4372-86ed-11c47f3872b9,2024-03-01T23:00:35,mabel.wu_CaPUC,2024-03-11T21:13:16,mabel.wu_CaPUC,PGE PSPS Event 09/23/19,2019-09-23T19:00:00,PGE,Yes,2019-09-23T19:00:00,2019-09-26T19:00:00,47369,49112,,,,,,,,,,,0,0
102,f44a4ad9-4548-44cb-8276-e466d6aa8623,2024-03-01T23:02:17,mabel.wu_CaPUC,2024-03-11T21:14:42,mabel.wu_CaPUC,SDGE PSPS Event 10/20/19,2019-10-20T19:00:00,SDGE,Yes,2019-10-24T19:00:00,2019-11-01T19:00:00,58561,33290,,,,,,,,,,,0,0
103,8f9b75a6-3bcb-4962-8cd6-63914a4ac61a,2024-03-01T23:03:33,mabel.wu_CaPUC,2024-03-11T21:21:47,mabel.wu_CaPUC,SDGE PSPS Event 11/26/20,2020-11-26T20:00:00,SDGE,Yes,2020-12-02T20:00:00,2020-12-09T20:00:00,95792,77758,,,,,,,,,,,0,0
104,444e00ac-2012-41b3-84da-71c19a9b767c,2024-03-01T23:04:52,mabel.wu_CaPUC,2024-03-11T21:23:27,mabel.wu_CaPUC,SCE PSPS Event 01/14/21,2021-01-14T20:00:00,SCE,Yes,2021-01-14T20:00:00,2021-01-21T20:00:00,262262,95664,,,,,,,,,,,0,0
105,870af317-390e-4cb3-82ed-37999eebb1aa,2024-07-05T21:28:10,mabel.wu_CaPUC,2024-07-05T21:28:10,mabel.wu_CaPUC,SCE PSPS Event 06/14/24,2024-06-14T19:00:00,SCE,No,,,3488,0,3488,0,0,0,0,5,0,0,0,2,0,0
106,5b94b7b9-0df1-40cc-8c04-359408b16d2a,2024-07-25T20:28:26,mabel.wu_CaPUC,2024-07-25T20:28:26,mabel.wu_CaPUC,PG&E PSPS Event 07/02/24,2024-07-02T19:00:00,PGE,Yes,2024-07-02T19:00:00,2024-07-03T19:00:00,12291,1843,10448,168,8,1,0,34,15,0,78,8,0,0
107,47a85561-9adc-4e9c-8070-88baadc6c56e,2024-07-25T20:29:55,mabel.wu_CaPUC,2024-07-25T20:29:55,mabel.wu_CaPUC,PG&E PSPS Event 07/05/24,2024-07-05T19:00:00,PGE,No,,,6441,0,6441,0,0,0,0,19,0,0,0,3,0,0
108,98020ccf-8d26-49f9-88d1-b4bbd849fe3b,2024-08-13T14:47:13,mabel.wu_CaPUC,2024-08-13T14:47:13,mabel.wu_CaPUC,PG&E PSPS Event 07/20/24,2024-07-20T19:00:00,PGE,Yes,2024-07-20T19:00:00,2024-07-21T19:00:00,15766,212,15555,9,3,0,3,27,4,1,25,0,0,0
109,eba7e64f-08bd-4270-8cfd-9e9f42ce2fcd,2024-08-13T14:48:54,mabel.wu_CaPUC,2024-08-13T14:48:54,mabel.wu_CaPUC,SCE PSPS Event 07/21/24,2024-07-21T19:00:00,SCE,No,,,1650,0,1650,0,0,0,,2,0,0,0,1,0,0
110,4e9fa874-3883-4f2c-8c25-47940b040f1f,2024-08-13T14:50:28,mabel.wu_CaPUC,2024-08-13T14:50:28,mabel.wu_CaPUC,SCE PSPS Event 07/26/24,2024-07-26T19:00:00,SCE,No,,,1220,0,1220,0,0,0,0,3,0,0,0,1,0,0
111,363f5662-fa4e-473d-851b-8072b850a96e,2024-09-04T18:26:34,mabel.wu_CaPUC,2024-09-04T18:26:34,mabel.wu_CaPUC,SCE PSPS Event 08/07/24,2024-08-07T19:00:00,SCE,Yes,2024-08-08T19:00:00,2024-08-18T19:00:00,2977,21,2957,0,3,0,0,12,2,0,9,8,0,0
112,cbc0e2ca-1cd0-4cd8-82c6-f1c3f2f4cea8,2024-09-10T17:32:57,mabel.wu_CaPUC,2024-09-10T17:32:57,mabel.wu_CaPUC,SCE PSPS Event 08/23/24,2024-08-23T19:00:00,SCE,Yes,2024-08-24T19:00:00,2024-08-24T19:00:00,4176,3,4173,0,1,0,0,16,1,0,1,6,0,0
113,a3c9c687-b6eb-40bc-894e-5a58aa0afe4b,2024-09-30T15:05:45,mabel.wu_CaPUC,2024-09-30T15:05:45,mabel.wu_CaPUC,SCE PSPS EVENT 09/07/24,2024-09-07T19:00:00,SCE,Yes,2024-09-07T19:00:00,2024-09-12T19:00:00,29234,488,29224,9,3,0,0,60,6,0,28,11,0,0
114,a814d4d3-1303-4d34-8f86-2be941ebac3a,2024-09-30T22:06:24,mabel.wu_CaPUC,2024-09-30T22:06:24,mabel.wu_CaPUC,SCE PSPS EVENT 09/15/24,2024-09-15T19:00:00,SCE,No,,,3661,0,3661,0,0,0,0,13,0,0,0,4,0,0
115,bacb5f9a-a25f-4bc1-8f10-c94f625686fe,2024-10-16T22:27:56,Ronald.DeMayo_CaPUC,2024-10-16T22:29:46,Ronald.DeMayo_CaPUC,PG&E PSPS Event 09/30/24,2024-09-30T19:00:00,PGE,Yes,2024-09-30T19:00:00,2024-10-01T19:00:00,14098,9176,4779,853,5,2,5,43,20,1,176,11,0,0
116,0773e195-6103-4497-8901-4f5e289d4101,2024-10-21T22:33:01,Ronald.DeMayo_CaPUC,2024-10-23T21:45:54,Ronald.DeMayo_CaPUC,SCE PSPS Event 10/02/24,2024-10-02T19:00:00,SCE,Yes,2024-10-01T19:00:00,2024-10-01T19:00:00,7499,1,7499,0,1,0,0,12,1,0,0,5,0,0
1116,b86c001e-8b56-4604-8d9c-485d02256329,2024-10-25T15:25:37,mabel.wu_CaPUC,2024-10-25T15:25:37,mabel.wu_CaPUC,SCE PSPS EVENT 10/09/24,2024-10-09T19:00:00,SCE,No,,,6873,0,6873,0,0,0,0,14,0,0,0,4,0,0
1117,453bbc13-69ec-4b5f-8d2a-68037c4e3471,2024-11-04T22:31:38,mabel.wu_CaPUC,2024-11-04T22:31:38,mabel.wu_CaPUC,PG&E PSPS Event 10/17/24,2024-10-17T19:00:00,PGE,Yes,2024-10-17T19:00:00,2024-10-20T19:00:00,35072,17367,17850,1136,21,3,3,133,97,3,601,29,0,0
1118,feac29db-136f-4f69-8b1b-0e0d27b5adbf,2024-11-04T22:36:53,mabel.wu_CaPUC,2024-11-04T22:36:53,mabel.wu_CaPUC,SCE PSPS Event 10/17/24,2024-10-17T19:00:00,SCE,Yes,2024-10-17T19:00:00,2024-10-19T19:00:00,146666,11381,135379,315,6,0,0,159,31,0,306,18,0,0
1119,065bfffa-a78e-4226-8039-53a31238458b,2024-11-15T00:14:10,mabel.wu_CaPUC,2024-11-15T00:14:10,mabel.wu_CaPUC,SCE PSPS Event 10/27/24,2024-10-27T19:00:00,SCE,Yes,2024-10-27T19:00:00,2024-10-29T19:00:00,8086,89,8001,2,2,0,0,31,3,0,4,6,0,0
1120,916b7258-5288-433c-8c05-f71f0489de34,2024-11-27T03:46:41,mabel.wu_CaPUC,2024-11-27T03:46:41,mabel.wu_CaPUC,PG&E PSPS Event 11/05/24,2024-11-05T20:00:00,PGE,Yes,2024-11-05T20:00:00,2024-11-08T20:00:00,22541,21357,1169,1275,17,4,5,97,97,11,648,29,0,0
1121,c0daeaf0-c92f-4188-8ed8-c6aeee8d20f2,2024-11-27T03:49:24,mabel.wu_CaPUC,2024-11-27T03:49:24,mabel.wu_CaPUC,SDG&E PSPS Event 11/06/24,2024-11-06T20:00:00,SDGE,Yes,2024-11-06T20:00:00,2024-11-07T20:00:00,24740,1263,23477,65,1,3,152,39,7,0,152,3,0,0
1122,3ea3e1f8-a1a3-406c-8693-ddb385adc8c5,2024-11-27T03:52:24,mabel.wu_CaPUC,2024-11-27T03:52:24,mabel.wu_CaPUC,Liberty Utility PSPS Event 11/11/24,2024-11-11T20:00:00,Liberty Utilities,Yes,2024-11-11T20:00:00,2024-11-11T20:00:00,686,686,0,2,1,1,0,1,1,2,33,1,0,0
1123,4dbf5e80-2ee3-4023-8a1d-9af25f7c3cd7,2024-11-27T03:53:51,mabel.wu_CaPUC,2024-11-27T03:53:51,mabel.wu_CaPUC,Liberty Utility PSPS Event 11/13/24,2024-11-13T20:00:00,Liberty Utilities,No,,,748,0,748,0,0,0,0,3,0,0,0,1,0,0
1124,9eb00686-5320-470e-8eda-6d06c7ac53b4,2024-11-27T18:46:07,mabel.wu_CaPUC,2024-11-27T18:46:07,mabel.wu_CaPUC,SCE PSPS Event 11/11/24,2024-11-13T20:00:00,SCE,Yes,2024-11-13T20:00:00,2024-11-13T20:00:00,27385,637,26751,5,1,0,0,57,1,0,12,8,0,0
1125,a917a73a-aaef-4e6b-82db-b9c26613d65c,2024-12-09T18:55:07,mabel.wu_CaPUC,2024-12-18T22:53:16,mabel.wu_CaPUC,Liberty Utility PSOM Event 11/20/24,2024-11-20T20:00:00,Liberty Utilities,Yes,2024-11-20T20:00:00,2024-11-20T20:00:00,151,56,95,0,1,1,0,1,1,0,4,0,0,0
1126,b2f5ebec-e0f2-441e-83da-e083f0b4c007,2024-12-11T22:47:17,mabel.wu_CaPUC,2024-12-11T22:47:17,mabel.wu_CaPUC,SCE PSPS Event 11/18/24,2024-11-18T20:00:00,SCE,Yes,2024-11-20T20:00:00,2024-11-23T20:00:00,13121,1251,11880,18,1,0,0,26,3,1,33,6,0,0
1127,895bfce0-4c7e-4636-87e7-726551f15bd4,2024-12-12T05:26:07,mabel.wu_CaPUC,2025-02-21T16:23:06,mabel.wu_CaPUC,SCE PSPS Event 11/04/24,2024-11-04T20:00:00,SCE,Yes,2024-11-04T20:00:00,2024-11-08T20:00:00,350812,71044,280091,2223,8,2,0,341,106,11,1776,31,0,0
1128,db7b69d3-89f4-476c-856e-04cfd645c6d5,2024-12-12T17:56:15,mabel.wu_CaPUC,2024-12-12T17:56:15,mabel.wu_CaPUC,Liberty Utility PSPS Event 11/20/24,2024-11-20T20:00:00,Liberty Utilities,Yes,2024-11-20T20:00:00,2024-11-20T20:00:00,1491,1491,0,15,2,1,0,2,2,2,58,2,0,0
1129,efc99608-320d-4571-84dc-27f2129dcc08,2024-12-12T17:58:18,mabel.wu_CaPUC,2024-12-12T17:58:18,mabel.wu_CaPUC,Liberty Utility PSPS Event 11/22/24,2024-11-22T20:00:00,Liberty Utilities,Yes,2024-11-22T20:00:00,2024-11-22T20:00:00,1491,1064,450,12,2,1,0,2,2,1,35,2,0,0
1130,fc34863e-13fc-450b-8575-a815e82b0c3d,2024-12-16T22:45:36,mabel.wu_CaPUC,2024-12-16T22:45:36,mabel.wu_CaPUC,SCE PSPS Event 11/28/24,2024-11-28T20:00:00,SCE,No,,,191,0,191,0,0,0,0,1,0,0,0,1,0,0
1131,883ab723-8669-458b-8557-5376beb7831b,2024-12-23T19:27:41,mabel.wu_CaPUC,2024-12-23T19:27:41,mabel.wu_CaPUC,SCE PSPS Event 12/05/24,2024-12-05T20:00:00,SCE,No,,,58086,0,58086,0,0,0,0,77,0,0,0,9,0,0
1132,75bbb922-67dc-4d97-8b35-41d27ce393c0,2024-12-23T22:07:50,mabel.wu_CaPUC,2024-12-23T22:07:50,mabel.wu_CaPUC,PG&E PSPS Event 12/09/24,2024-12-09T20:00:00,PGE,Yes,2024-12-09T20:00:00,2024-12-10T20:00:00,587,571,15,27,1,0,0,3,2,0,28,1,0,0
1133,b98cc824-aa50-4ea6-83b5-5cc0798a5d40,2024-12-31T19:47:22,mabel.wu_CaPUC,2024-12-31T19:47:22,mabel.wu_CaPUC,SCE PSPS Event 12/09/24,2024-12-09T20:00:00,SCE,Yes,2024-12-09T20:00:00,2024-12-13T20:00:00,275289,51103,224400,1641,7,1,0,274,83,0,1313,20,0,0
1134,a1ffa855-82e0-4af9-8259-de02f133a6a3,2025-01-07T23:37:27,mabel.wu_CaPUC,2025-01-07T23:37:27,mabel.wu_CaPUC,SCE PSPS Event 12/14/24,2024-12-14T20:00:00,SCE,Yes,2024-12-17T20:00:00,2024-12-19T20:00:00,108728,1007,107726,29,4,0,0,133,10,2,97,12,0,0
1135,84c0c143-127d-4f4f-835d-fe2b526e2f86,2025-01-13T17:06:23,mabel.wu_CaPUC,2025-01-13T17:06:23,mabel.wu_CaPUC,SDG&E PSPS Event 12/09/24,2024-12-09T20:00:00,SDGE,Yes,2024-12-09T20:00:00,2024-12-11T20:00:00,116313,51922,64391,3798,3,17,10,116,65,10,1905,12,0,0
1136,9b675f11-e285-4abf-8c8d-bbaaa050e7dc,2025-01-13T19:03:00,mabel.wu_CaPUC,2025-01-13T19:03:00,mabel.wu_CaPUC,SCE PSPS Event 12/26/24,2024-12-26T20:00:00,SCE,No,,,1164,0,1164,0,0,0,0,2,0,0,0,1,0,0
1137,190f28c6-2f4b-4a2e-8f5c-ce7221c38a03,2025-01-15T19:19:36,mabel.wu_CaPUC,2025-01-15T19:19:36,mabel.wu_CaPUC,SCE PSPS Event 12/31/24,2024-12-31T20:00:00,SCE,No,,,40,0,40,0,0,0,0,2,0,0,0,1,0,0
1138,341f702a-dbd8-4b81-8da0-22248c595554,2025-01-31T23:52:15,Ronald.DeMayo_CaPUC,2025-01-31T23:52:15,Ronald.DeMayo_CaPUC,PG&E PSPS Event 01/13/25,2025-01-13T20:00:00,PGE,Yes,2025-01-12T20:00:00,2025-01-15T20:00:00,582,583,0,27,1,0,4,2,2,0,33,1,0,0
1139,fbf56df4-057b-448a-8e75-506116d413bb,2025-02-07T22:47:03,mabel.wu_CaPUC,2025-02-07T22:47:03,mabel.wu_CaPUC,PG&E PSPS Event 01/20/25,2025-01-20T20:00:00,PGE,Yes,2025-01-20T20:00:00,2025-01-21T20:00:00,583,583,0,26,1,0,4,2,2,0,33,1,0,0
1140,b8d7de11-e631-434a-822c-08591d13e912,2025-02-07T23:00:43,mabel.wu_CaPUC,2025-02-07T23:00:43,mabel.wu_CaPUC,PG&E PSPS Event 01/22/25,2025-01-22T20:00:00,PGE,Yes,2025-01-22T20:00:00,2025-01-24T20:00:00,583,583,0,26,1,0,4,2,2,0,33,1,0,0
1142,f593a991-ea7b-4b8e-8a71-936b268734cd,2025-02-18T23:38:20,mabel.wu_CaPUC,2025-03-03T17:38:49,mabel.wu_CaPUC,SDG&E PSPS Event 01/07/25,2025-01-07T20:00:00,SDGE,Yes,2025-01-07T20:00:00,2025-01-16T20:00:00,74652,15103,53114,1336,4,9,3,85,26,12,1211,10,0,0
1143,79f1cf59-a2b4-4fb7-83a5-4b91374bf90c,2025-02-25T17:02:58,mabel.wu_CaPUC,2025-02-25T17:02:58,mabel.wu_CaPUC,SDG&E PSPS Event 01/20/25,2025-01-20T20:00:00,SDGE,Yes,2025-01-20T20:00:00,2025-01-24T20:00:00,83625,29980,53645,1752,3,12,8,91,50,3,1317,12,0,0
1144,4f2dead7-eac7-4d58-8150-316969497525,2025-03-04T00:54:57,mabel.wu_CaPUC,2025-03-04T00:54:57,mabel.wu_CaPUC,SCE PSPS Event 01/03/25,2025-01-03T20:00:00,SCE,Yes,2025-01-04T20:00:00,2025-01-17T20:00:00,712769,363196,382720,11740,8,14,4,619,373,72,6800,31,0,0
1145,0ab63f29-299b-4f34-853c-61ccb0155cb9,2025-03-11T16:23:17,mabel.wu_CaPUC,2025-03-11T16:23:17,mabel.wu_CaPUC,SCE PSPS Event 01/20/25,2025-01-20T20:00:00,SCE,Yes,2025-01-20T20:00:00,2025-01-27T20:00:00,509245,152393,361757,5201,7,12,1,447,225,25,3374,20,0,0
