Time,KLAX_Temperature,KLAX_Wind Speed,KLAX_Wind Gust,KSMO_Temperature,KSMO_Wind Speed,KSMO_Wind Gust,KCALOSAN902_Temperature,KCALOSAN902_Wind Speed,KCALOSAN902_Wind Gust,KCAMALIB151_Temperature,KCAMALIB151_Wind Speed,KCAMALIB151_Wind Gust,KCAMALIB87_Temperature,KCAMALIB87_Wind Speed,KCAMALIB87_Wind Gust,KCATOPAN55_Temperature,KCATOPAN55_Wind Speed,KCATOPAN55_Wind Gust,KTOA_Temperature,KTOA_Wind Speed,KTOA_Wind Gust,KCAMALIB166_Temperature,KCAMALIB166_Wind Speed,KCAMALIB166_Wind Gust,KCALOSAN364_Temperature,KCALOSAN364_Wind Speed,KCALOSAN364_Wind Gust,KCAMALIB61_Temperature,KCAMALIB61_Wind Speed,KCAMALIB61_Wind Gust,KCATOPAN68_Temperature,KCATOPAN68_Wind Speed,KCATOPAN68_Wind Gust,KCALOSAN1246_Temperature,KCALOSAN1246_Wind Speed,KCALOSAN1246_Wind Gust,KCALOSAN1231_Temperature,KCALOSAN1231_Wind Speed,KCALOSAN1231_Wind Gust,KCAVENIC20_Temperature,KCAVENIC20_Wind Speed,KCAVENIC20_Wind Gust,KCASANTA4447_Temperature,KCASANTA4447_Wind Speed,KCASANTA4447_Wind Gust,KCALOSAN1201_Temperature,KCALOSAN1201_Wind Speed,KCALOSAN1201_Wind Gust,KCAMALIB62_Temperature,KCAMALIB62_Wind Speed,KCAMALIB62_Wind Gust,KCABEVER36_Temperature,KCABEVER36_Wind Speed,KCABEVER36_Wind Gust,KCACALAB70_Temperature,KCACALAB70_Wind Speed,KCACALAB70_Wind Gust,KCALOSAN1017_Temperature,KCALOSAN1017_Wind Speed,KCALOSAN1017_Wind Gust,KCALOSAN724_Temperature,KCALOSAN724_Wind Speed,KCALOSAN724_Wind Gust,KCALOSAN803_Temperature,KCALOSAN803_Wind Speed,KCALOSAN803_Wind Gust,KCALOSAN872_Temperature,KCALOSAN872_Wind Speed,KCALOSAN872_Wind Gust,KCALOSAN895_Temperature,KCALOSAN895_Wind Speed,KCALOSAN895_Wind Gust,KCALOSAN938_Temperature,KCALOSAN938_Wind Speed,KCALOSAN938_Wind Gust,KCAMALIB108_Temperature,KCAMALIB108_Wind Speed,KCAMALIB108_Wind Gust,KCAMALIB114_Temperature,KCAMALIB114_Wind Speed,KCAMALIB114_Wind Gust,KCAMALIB158_Temperature,KCAMALIB158_Wind Speed,KCAMALIB158_Wind Gust,KCAMALIB52_Temperature,KCAMALIB52_Wind Speed,KCAMALIB52_Wind Gust,KCAPACIF272_Temperature,KCAPACIF272_Wind Speed,KCAPACIF272_Wind Gust,KCASANTA2881_Temperature,KCASANTA2881_Wind Speed,KCASANTA2881_Wind Gust,KCASANTA3310_Temperature,KCASANTA3310_Wind Speed,KCASANTA3310_Wind Gust,KCASANTA4210_Temperature,KCASANTA4210_Wind Speed,KCASANTA4210_Wind Gust,KCASANTA4632_Temperature,KCASANTA4632_Wind Speed,KCASANTA4632_Wind Gust,KCASANTA4711_Temperature,KCASANTA4711_Wind Speed,KCASANTA4711_Wind Gust,KCASANTA4733_Temperature,KCASANTA4733_Wind Speed,KCASANTA4733_Wind Gust,KCATOPAN28_Temperature,KCATOPAN28_Wind Speed,KCATOPAN28_Wind Gust,KCATOPAN32_Temperature,KCATOPAN32_Wind Speed,KCATOPAN32_Wind Gust,KCATOPAN40_Temperature,KCATOPAN40_Wind Speed,KCATOPAN40_Wind Gust,KCATOPAN43_Temperature,KCATOPAN43_Wind Speed,KCATOPAN43_Wind Gust,KCATOPAN47_Temperature,KCATOPAN47_Wind Speed,KCATOPAN47_Wind Gust,KCATOPAN52_Temperature,KCATOPAN52_Wind Speed,KCATOPAN52_Wind Gust,KCATOPAN62_Temperature,KCATOPAN62_Wind Speed,KCATOPAN62_Wind Gust,KCATOPAN8_Temperature,KCATOPAN8_Wind Speed,KCATOPAN8_Wind Gust,KCAWOODL8_Temperature,KCAWOODL8_Wind Speed,KCAWOODL8_Wind Gust,KCALOSAN842_Temperature,KCALOSAN842_Wind Speed,KCALOSAN842_Wind Gust,KCAPACIF287_Temperature,KCAPACIF287_Wind Speed,KCAPACIF287_Wind Gust,KCASANTA630_Temperature,KCASANTA630_Wind Speed,KCASANTA630_Wind Gust
2024-01-07T00:00:00Z,0,0,0,0,0,0,0,0,0,0,0,0,0,0,0,0,0,0,0,0,0,0,0,0,0,0,0,0,0,0,0,0,0,0,0,0,0,0,0,0,0,0,0,0,0,0,0,0,0,0,0,0,0,0,0,0,0,0,0,0,0,0,0,0,0,0,0,0,0,0,0,0,0,0,0,0,0,0,0,0,0,0,0,0,0,0,0,0,0,0,0,0,0,0,0,0,0,0,0,0,0,0,0,0,0,0,0,0,0,0,0,0,0,0,0,0,0,0,0,0,0,0,0,0,0,0,0,0,0,0,0,0,0,0,0,0,0,0,0,0,0,0,0,0
2024-01-07T00:15:00Z,0,0,0,0,0,0,0,0,0,0,0,0,0,0,0,0,0,0,0,0,0,0,0,0,0,0,0,0,0,0,0,0,0,0,0,0,0,0,0,0,0,0,0,0,0,0,0,0,0,0,0,0,0,0,0,0,0,0,0,0,0,0,0,0,0,0,0,0,0,0,0,0,0,0,0,0,0,0,0,0,0,0,0,0,0,0,0,0,0,0,0,0,0,0,0,0,0,0,0,0,0,0,0,0,0,0,0,0,0,0,0,0,0,0,0,0,0,0,0,0,0,0,0,0,0,0,0,0,0,0,0,0,0,0,0,0,0,0,0,0,0,0,0,0
2024-01-07T00:30:00Z,0,0,0,0,0,0,0,0,0,0,0,0,0,0,0,0,0,0,0,0,0,0,0,0,0,0,0,0,0,0,0,0,0,0,0,0,0,0,0,0,0,0,0,0,0,0,0,0,0,0,0,0,0,0,0,0,0,0,0,0,0,0,0,0,0,0,0,0,0,0,0,0,0,0,0,0,0,0,0,0,0,0,0,0,0,0,0,0,0,0,0,0,0,0,0,0,0,0,0,0,0,0,0,0,0,0,0,0,0,0,0,0,0,0,0,0,0,0,0,0,0,0,0,0,0,0,0,0,0,0,0,0,0,0,0,0,0,0,0,0,0,0,0,0
2024-01-07T00:45:00Z,0,0,0,0,0,0,0,0,0,0,0,0,0,0,0,0,0,0,0,0,0,0,0,0,0,0,0,0,0,0,0,0,0,0,0,0,0,0,0,0,0,0,0,0,0,0,0,0,0,0,0,0,0,0,0,0,0,0,0,0,0,0,0,0,0,0,0,0,0,0,0,0,0,0,0,0,0,0,0,0,0,0,0,0,0,0,0,0,0,0,0,0,0,0,0,0,0,0,0,0,0,0,0,0,0,0,0,0,0,0,0,0,0,0,0,0,0,0,0,0,0,0,0,0,0,0,0,0,0,0,0,0,0,0,0,0,0,0,0,0,0,0,0,0
2024-01-07T01:00:00Z,0,0,0,0,0,0,0,0,0,0,0,0,0,0,0,0,0,0,0,0,0,0,0,0,0,0,0,0,0,0,0,0,0,0,0,0,0,0,0,0,0,0,0,0,0,0,0,0,0,0,0,0,0,0,0,0,0,0,0,0,0,0,0,0,0,0,0,0,0,0,0,0,0,0,0,0,0,0,0,0,0,0,0,0,0,0,0,0,0,0,0,0,0,0,0,0,0,0,0,0,0,0,0,0,0,0,0,0,0,0,0,0,0,0,0,0,0,0,0,0,0,0,0,0,0,0,0,0,0,0,0,0,0,0,0,0,0,0,0,0,0,0,0,0
2024-01-07T01:15:00Z,0,0,0,0,0,0,0,0,0,0,0,0,0,0,0,0,0,0,0,0,0,0,0,0,0,0,0,0,0,0,0,0,0,0,0,0,0,0,0,0,0,0,0,0,0,0,0,0,0,0,0,0,0,0,0,0,0,0,0,0,0,0,0,0,0,0,0,0,0,0,0,0,0,0,0,0,0,0,0,0,0,0,0,0,0,0,0,0,0,0,0,0,0,0,0,0,0,0,0,0,0,0,0,0,0,0,0,0,0,0,0,0,0,0,0,0,0,0,0,0,0,0,0,0,0,0,0,0,0,0,0,0,0,0,0,0,0,0,0,0,0,0,0,0
2024-01-07T01:30:00Z,0,0,0,0,0,0,0,0,0,0,0,0,0,0,0,0,0,0,0,0,0,0,0,0,0,0,0,0,0,0,0,0,0,0,0,0,0,0,0,0,0,0,0,0,0,0,0,0,0,0,0,0,0,0,0,0,0,0,0,0,0,0,0,0,0,0,0,0,0,0,0,0,0,0,0,0,0,0,0,0,0,0,0,0,0,0,0,0,0,0,0,0,0,0,0,0,0,0,0,0,0,0,0,0,0,0,0,0,0,0,0,0,0,0,0,0,0,0,0,0,0,0,0,0,0,0,0,0,0,0,0,0,0,0,0,0,0,0,0,0,0,0,0,0
2024-01-07T01:45:00Z,0,0,0,0,0,0,0,0,0,0,0,0,0,0,0,0,0,0,0,0,0,0,0,0,0,0,0,0,0,0,0,0,0,0,0,0,0,0,0,0,0,0,0,0,0,0,0,0,0,0,0,0,0,0,0,0,0,0,0,0,0,0,0,0,0,0,0,0,0,0,0,0,0,0,0,0,0,0,0,0,0,0,0,0,0,0,0,0,0,0,0,0,0,0,0,0,0,0,0,0,0,0,0,0,0,0,0,0,0,0,0,0,0,0,0,0,0,0,0,0,0,0,0,0,0,0,0,0,0,0,0,0,0,0,0,0,0,0,0,0,0,0,0,0
2024-01-07T02:00:00Z,0,0,0,0,0,0,0,0,0,0,0,0,0,0,0,0,0,0,0,0,0,0,0,0,0,0,0,0,0,0,0,0,0,0,0,0,0,0,0,0,0,0,0,0,0,0,0,0,0,0,0,0,0,0,0,0,0,0,0,0,0,0,0,0,0,0,0,0,0,0,0,0,0,0,0,0,0,0,0,0,0,0,0,0,0,0,0,0,0,0,0,0,0,0,0,0,0,0,0,0,0,0,0,0,0,0,0,0,0,0,0,0,0,0,0,0,0,0,0,0,0,0,0,0,0,0,0,0,0,0,0,0,0,0,0,0,0,0,0,0,0,0,0,0
2024-01-07T02:15:00Z,0,0,0,0,0,0,0,0,0,0,0,0,0,0,0,0,0,0,0,0,0,0,0,0,0,0,0,0,0,0,0,0,0,0,0,0,0,0,0,0,0,0,0,0,0,0,0,0,0,0,0,0,0,0,0,0,0,0,0,0,0,0,0,0,0,0,0,0,0,0,0,0,0,0,0,0,0,0,0,0,0,0,0,0,0,0,0,0,0,0,0,0,0,0,0,0,0,0,0,0,0,0,0,0,0,0,0,0,0,0,0,0,0,0,0,0,0,0,0,0,0,0,0,0,0,0,0,0,0,0,0,0,0,0,0,0,0,0,0,0,0,0,0,0
2024-01-07T02:30:00Z,0,0,0,0,0,0,0,0,0,0,0,0,0,0,0,0,0,0,0,0,0,0,0,0,0,0,0,0,0,0,0,0,0,0,0,0,0,0,0,0,0,0,0,0,0,0,0,0,0,0,0,0,0,0,0,0,0,0,0,0,0,0,0,0,0,0,0,0,0,0,0,0,0,0,0,0,0,0,0,0,0,0,0,0,0,0,0,0,0,0,0,0,0,0,0,0,0,0,0,0,0,0,0,0,0,0,0,0,0,0,0,0,0,0,0,0,0,0,0,0,0,0,0,0,0,0,0,0,0,0,0,0,0,0,0,0,0,0,0,0,0,0,0,0
2024-01-07T02:45:00Z,0,0,0,0,0,0,0,0,0,0,0,0,0,0,0,0,0,0,0,0,0,0,0,0,0,0,0,0,0,0,0,0,0,0,0,0,0,0,0,0,0,0,0,0,0,0,0,0,0,0,0,0,0,0,0,0,0,0,0,0,0,0,0,0,0,0,0,0,0,0,0,0,0,0,0,0,0,0,0,0,0,0,0,0,0,0,0,0,0,0,0,0,0,0,0,0,0,0,0,0,0,0,0,0,0,0,0,0,0,0,0,0,0,0,0,0,0,0,0,0,0,0,0,0,0,0,0,0,0,0,0,0,0,0,0,0,0,0,0,0,0,0,0,0
2024-01-07T03:00:00Z,0,0,0,0,0,0,0,0,0,0,0,0,0,0,0,0,0,0,0,0,0,0,0,0,0,0,0,0,0,0,0,0,0,0,0,0,0,0,0,0,0,0,0,0,0,0,0,0,0,0,0,0,0,0,0,0,0,0,0,0,0,0,0,0,0,0,0,0,0,0,0,0,0,0,0,0,0,0,0,0,0,0,0,0,0,0,0,0,0,0,0,0,0,0,0,0,0,0,0,0,0,0,0,0,0,0,0,0,0,0,0,0,0,0,0,0,0,0,0,0,0,0,0,0,0,0,0,0,0,0,0,0,0,0,0,0,0,0,0,0,0,0,0,0
2024-01-07T03:15:00Z,0,0,0,0,0,0,0,0,0,0,0,0,0,0,0,0,0,0,0,0,0,0,0,0,0,0,0,0,0,0,0,0,0,0,0,0,0,0,0,0,0,0,0,0,0,0,0,0,0,0,0,0,0,0,0,0,0,0,0,0,0,0,0,0,0,0,0,0,0,0,0,0,0,0,0,0,0,0,0,0,0,0,0,0,0,0,0,0,0,0,0,0,0,0,0,0,0,0,0,0,0,0,0,0,0,0,0,0,0,0,0,0,0,0,0,0,0,0,0,0,0,0,0,0,0,0,0,0,0,0,0,0,0,0,0,0,0,0,0,0,0,0,0,0
2024-01-07T03:30:00Z,0,0,0,0,0,0,0,0,0,0,0,0,0,0,0,0,0,0,0,0,0,0,0,0,0,0,0,0,0,0,0,0,0,0,0,0,0,0,0,0,0,0,0,0,0,0,0,0,0,0,0,0,0,0,0,0,0,0,0,0,0,0,0,0,0,0,0,0,0,0,0,0,0,0,0,0,0,0,0,0,0,0,0,0,0,0,0,0,0,0,0,0,0,0,0,0,0,0,0,0,0,0,0,0,0,0,0,0,0,0,0,0,0,0,0,0,0,0,0,0,0,0,0,0,0,0,0,0,0,0,0,0,0,0,0,0,0,0,0,0,0,0,0,0
2024-01-07T03:45:00Z,0,0,0,0,0,0,0,0,0,0,0,0,0,0,0,0,0,0,0,0,0,0,0,0,0,0,0,0,0,0,0,0,0,0,0,0,0,0,0,0,0,0,0,0,0,0,0,0,0,0,0,0,0,0,0,0,0,0,0,0,0,0,0,0,0,0,0,0,0,0,0,0,0,0,0,0,0,0,0,0,0,0,0,0,0,0,0,0,0,0,0,0,0,0,0,0,0,0,0,0,0,0,0,0,0,0,0,0,0,0,0,0,0,0,0,0,0,0,0,0,0,0,0,0,0,0,0,0,0,0,0,0,0,0,0,0,0,0,0,0,0,0,0,0
2024-01-07T04:00:00Z,0,0,0,0,0,0,0,0,0,0,0,0,0,0,0,0,0,0,0,0,0,0,0,0,0,0,0,0,0,0,0,0,0,0,0,0,0,0,0,0,0,0,0,0,0,0,0,0,0,0,0,0,0,0,0,0,0,0,0,0,0,0,0,0,0,0,0,0,0,0,0,0,0,0,0,0,0,0,0,0,0,0,0,0,0,0,0,0,0,0,0,0,0,0,0,0,0,0,0,0,0,0,0,0,0,0,0,0,0,0,0,0,0,0,0,0,0,0,0,0,0,0,0,0,0,0,0,0,0,0,0,0,0,0,0,0,0,0,0,0,0,0,0,0
2024-01-07T04:15:00Z,0,0,0,0,0,0,0,0,0,0,0,0,0,0,0,0,0,0,0,0,0,0,0,0,0,0,0,0,0,0,0,0,0,0,0,0,0,0,0,0,0,0,0,0,0,0,0,0,0,0,0,0,0,0,0,0,0,0,0,0,0,0,0,0,0,0,0,0,0,0,0,0,0,0,0,0,0,0,0,0,0,0,0,0,0,0,0,0,0,0,0,0,0,0,0,0,0,0,0,0,0,0,0,0,0,0,0,0,0,0,0,0,0,0,0,0,0,0,0,0,0,0,0,0,0,0,0,0,0,0,0,0,0,0,0,0,0,0,0,0,0,0,0,0
2024-01-07T04:30:00Z,0,0,0,0,0,0,0,0,0,0,0,0,0,0,0,0,0,0,0,0,0,0,0,0,0,0,0,0,0,0,0,0,0,0,0,0,0,0,0,0,0,0,0,0,0,0,0,0,0,0,0,0,0,0,0,0,0,0,0,0,0,0,0,0,0,0,0,0,0,0,0,0,0,0,0,0,0,0,0,0,0,0,0,0,0,0,0,0,0,0,0,0,0,0,0,0,0,0,0,0,0,0,0,0,0,0,0,0,0,0,0,0,0,0,0,0,0,0,0,0,0,0,0,0,0,0,0,0,0,0,0,0,0,0,0,0,0,0,0,0,0,0,0,0
2024-01-07T04:45:00Z,0,0,0,0,0,0,0,0,0,0,0,0,0,0,0,0,0,0,0,0,0,0,0,0,0,0,0,0,0,0,0,0,0,0,0,0,0,0,0,0,0,0,0,0,0,0,0,0,0,0,0,0,0,0,0,0,0,0,0,0,0,0,0,0,0,0,0,0,0,0,0,0,0,0,0,0,0,0,0,0,0,0,0,0,0,0,0,0,0,0,0,0,0,0,0,0,0,0,0,0,0,0,0,0,0,0,0,0,0,0,0,0,0,0,0,0,0,0,0,0,0,0,0,0,0,0,0,0,0,0,0,0,0,0,0,0,0,0,0,0,0,0,0,0
2024-01-07T05:00:00Z,0,0,0,0,0,0,0,0,0,0,0,0,0,0,0,0,0,0,0,0,0,0,0,0,0,0,0,0,0,0,0,0,0,0,0,0,0,0,0,0,0,0,0,0,0,0,0,0,0,0,0,0,0,0,0,0,0,0,0,0,0,0,0,0,0,0,0,0,0,0,0,0,0,0,0,0,0,0,0,0,0,0,0,0,0,0,0,0,0,0,0,0,0,0,0,0,0,0,0,0,0,0,0,0,0,0,0,0,0,0,0,0,0,0,0,0,0,0,0,0,0,0,0,0,0,0,0,0,0,0,0,0,0,0,0,0,0,0,0,0,0,0,0,0
2024-01-07T05:15:00Z,0,0,0,0,0,0,0,0,0,0,0,0,0,0,0,0,0,0,0,0,0,0,0,0,0,0,0,0,0,0,0,0,0,0,0,0,0,0,0,0,0,0,0,0,0,0,0,0,0,0,0,0,0,0,0,0,0,0,0,0,0,0,0,0,0,0,0,0,0,0,0,0,0,0,0,0,0,0,0,0,0,0,0,0,0,0,0,0,0,0,0,0,0,0,0,0,0,0,0,0,0,0,0,0,0,0,0,0,0,0,0,0,0,0,0,0,0,0,0,0,0,0,0,0,0,0,0,0,0,0,0,0,0,0,0,0,0,0,0,0,0,0,0,0
2024-01-07T05:30:00Z,0,0,0,0,0,0,0,0,0,0,0,0,0,0,0,0,0,0,0,0,0,0,0,0,0,0,0,0,0,0,0,0,0,0,0,0,0,0,0,0,0,0,0,0,0,0,0,0,0,0,0,0,0,0,0,0,0,0,0,0,0,0,0,0,0,0,0,0,0,0,0,0,0,0,0,0,0,0,0,0,0,0,0,0,0,0,0,0,0,0,0,0,0,0,0,0,0,0,0,0,0,0,0,0,0,0,0,0,0,0,0,0,0,0,0,0,0,0,0,0,0,0,0,0,0,0,0,0,0,0,0,0,0,0,0,0,0,0,0,0,0,0,0,0
2024-01-07T05:45:00Z,0,0,0,0,0,0,0,0,0,0,0,0,0,0,0,0,0,0,0,0,0,0,0,0,0,0,0,0,0,0,0,0,0,0,0,0,0,0,0,0,0,0,0,0,0,0,0,0,0,0,0,0,0,0,0,0,0,0,0,0,0,0,0,0,0,0,0,0,0,0,0,0,0,0,0,0,0,0,0,0,0,0,0,0,0,0,0,0,0,0,0,0,0,0,0,0,0,0,0,0,0,0,0,0,0,0,0,0,0,0,0,0,0,0,0,0,0,0,0,0,0,0,0,0,0,0,0,0,0,0,0,0,0,0,0,0,0,0,0,0,0,0,0,0
2024-01-07T06:00:00Z,0,0,0,0,0,0,0,0,0,0,0,0,0,0,0,0,0,0,0,0,0,0,0,0,0,0,0,0,0,0,0,0,0,0,0,0,0,0,0,0,0,0,0,0,0,0,0,0,0,0,0,0,0,0,0,0,0,0,0,0,0,0,0,0,0,0,0,0,0,0,0,0,0,0,0,0,0,0,0,0,0,0,0,0,0,0,0,0,0,0,0,0,0,0,0,0,0,0,0,0,0,0,0,0,0,0,0,0,0,0,0,0,0,0,0,0,0,0,0,0,0,0,0,0,0,0,0,0,0,0,0,0,0,0,0,0,0,0,0,0,0,0,0,0
2024-01-07T06:15:00Z,0,0,0,0,0,0,0,0,0,0,0,0,0,0,0,0,0,0,0,0,0,0,0,0,0,0,0,0,0,0,0,0,0,0,0,0,0,0,0,0,0,0,0,0,0,0,0,0,0,0,0,0,0,0,0,0,0,0,0,0,0,0,0,0,0,0,0,0,0,0,0,0,0,0,0,0,0,0,0,0,0,0,0,0,0,0,0,0,0,0,0,0,0,0,0,0,0,0,0,0,0,0,0,0,0,0,0,0,0,0,0,0,0,0,0,0,0,0,0,0,0,0,0,0,0,0,0,0,0,0,0,0,0,0,0,0,0,0,0,0,0,0,0,0
2024-01-07T06:30:00Z,0,0,0,0,0,0,0,0,0,0,0,0,0,0,0,0,0,0,0,0,0,0,0,0,0,0,0,0,0,0,0,0,0,0,0,0,0,0,0,0,0,0,0,0,0,0,0,0,0,0,0,0,0,0,0,0,0,0,0,0,0,0,0,0,0,0,0,0,0,0,0,0,0,0,0,0,0,0,0,0,0,0,0,0,0,0,0,0,0,0,0,0,0,0,0,0,0,0,0,0,0,0,0,0,0,0,0,0,0,0,0,0,0,0,0,0,0,0,0,0,0,0,0,0,0,0,0,0,0,0,0,0,0,0,0,0,0,0,0,0,0,0,0,0
2024-01-07T06:45:00Z,0,0,0,0,0,0,0,0,0,0,0,0,0,0,0,0,0,0,0,0,0,0,0,0,0,0,0,0,0,0,0,0,0,0,0,0,0,0,0,0,0,0,0,0,0,0,0,0,0,0,0,0,0,0,0,0,0,0,0,0,0,0,0,0,0,0,0,0,0,0,0,0,0,0,0,0,0,0,0,0,0,0,0,0,0,0,0,0,0,0,0,0,0,0,0,0,0,0,0,0,0,0,0,0,0,0,0,0,0,0,0,0,0,0,0,0,0,0,0,0,0,0,0,0,0,0,0,0,0,0,0,0,0,0,0,0,0,0,0,0,0,0,0,0
2024-01-07T07:00:00Z,0,0,0,0,0,0,0,0,0,0,0,0,0,0,0,0,0,0,0,0,0,0,0,0,0,0,0,0,0,0,0,0,0,0,0,0,0,0,0,0,0,0,0,0,0,0,0,0,0,0,0,0,0,0,0,0,0,0,0,0,0,0,0,0,0,0,0,0,0,0,0,0,0,0,0,0,0,0,0,0,0,0,0,0,0,0,0,0,0,0,0,0,0,0,0,0,0,0,0,0,0,0,0,0,0,0,0,0,0,0,0,0,0,0,0,0,0,0,0,0,0,0,0,0,0,0,0,0,0,0,0,0,0,0,0,0,0,0,0,0,0,0,0,0
2024-01-07T07:15:00Z,0,0,0,0,0,0,0,0,0,0,0,0,0,0,0,0,0,0,0,0,0,0,0,0,0,0,0,0,0,0,0,0,0,0,0,0,0,0,0,0,0,0,0,0,0,0,0,0,0,0,0,0,0,0,0,0,0,0,0,0,0,0,0,0,0,0,0,0,0,0,0,0,0,0,0,0,0,0,0,0,0,0,0,0,0,0,0,0,0,0,0,0,0,0,0,0,0,0,0,0,0,0,0,0,0,0,0,0,0,0,0,0,0,0,0,0,0,0,0,0,0,0,0,0,0,0,0,0,0,0,0,0,0,0,0,0,0,0,0,0,0,0,0,0
2024-01-07T07:30:00Z,0,0,0,0,0,0,0,0,0,0,0,0,0,0,0,0,0,0,0,0,0,0,0,0,0,0,0,0,0,0,0,0,0,0,0,0,0,0,0,0,0,0,0,0,0,0,0,0,0,0,0,0,0,0,0,0,0,0,0,0,0,0,0,0,0,0,0,0,0,0,0,0,0,0,0,0,0,0,0,0,0,0,0,0,0,0,0,0,0,0,0,0,0,0,0,0,0,0,0,0,0,0,0,0,0,0,0,0,0,0,0,0,0,0,0,0,0,0,0,0,0,0,0,0,0,0,0,0,0,0,0,0,0,0,0,0,0,0,0,0,0,0,0,0
2024-01-07T07:45:00Z,0,0,0,0,0,0,0,0,0,0,0,0,0,0,0,0,0,0,0,0,0,0,0,0,0,0,0,0,0,0,0,0,0,0,0,0,0,0,0,0,0,0,0,0,0,0,0,0,0,0,0,0,0,0,0,0,0,0,0,0,0,0,0,0,0,0,0,0,0,0,0,0,0,0,0,0,0,0,0,0,0,0,0,0,0,0,0,0,0,0,0,0,0,0,0,0,0,0,0,0,0,0,0,0,0,0,0,0,0,0,0,0,0,0,0,0,0,0,0,0,0,0,0,0,0,0,0,0,0,0,0,0,0,0,0,0,0,0,0,0,0,0,0,0
2024-01-07T08:00:00Z,0,0,0,0,0,0,0,0,0,0,0,0,0,0,0,0,0,0,0,0,0,0,0,0,0,0,0,0,0,0,0,0,0,0,0,0,0,0,0,0,0,0,0,0,0,0,0,0,0,0,0,0,0,0,0,0,0,0,0,0,0,0,0,0,0,0,0,0,0,0,0,0,0,0,0,0,0,0,0,0,0,0,0,0,0,0,0,0,0,0,0,0,0,0,0,0,0,0,0,0,0,0,0,0,0,0,0,0,0,0,0,0,0,0,0,0,0,0,0,0,0,0,0,0,0,0,0,0,0,0,0,0,0,0,0,0,0,0,0,0,0,0,0,0
2024-01-07T08:15:00Z,0,0,0,0,0,0,0,0,0,0,0,0,0,0,0,0,0,0,0,0,0,0,0,0,0,0,0,0,0,0,0,0,0,0,0,0,0,0,0,0,0,0,0,0,0,0,0,0,0,0,0,0,0,0,0,0,0,0,0,0,0,0,0,0,0,0,0,0,0,0,0,0,0,0,0,0,0,0,0,0,0,0,0,0,0,0,0,0,0,0,0,0,0,0,0,0,0,0,0,0,0,0,0,0,0,0,0,0,0,0,0,0,0,0,0,0,0,0,0,0,0,0,0,0,0,0,0,0,0,0,0,0,0,0,0,0,0,0,0,0,0,0,0,0
2024-01-07T08:30:00Z,0,0,0,0,0,0,0,0,0,0,0,0,0,0,0,0,0,0,0,0,0,0,0,0,0,0,0,0,0,0,0,0,0,0,0,0,0,0,0,0,0,0,0,0,0,0,0,0,0,0,0,0,0,0,0,0,0,0,0,0,0,0,0,0,0,0,0,0,0,0,0,0,0,0,0,0,0,0,0,0,0,0,0,0,0,0,0,0,0,0,0,0,0,0,0,0,0,0,0,0,0,0,0,0,0,0,0,0,0,0,0,0,0,0,0,0,0,0,0,0,0,0,0,0,0,0,0,0,0,0,0,0,0,0,0,0,0,0,0,0,0,0,0,0
2024-01-07T08:45:00Z,0,0,0,0,0,0,0,0,0,0,0,0,0,0,0,0,0,0,0,0,0,0,0,0,0,0,0,0,0,0,0,0,0,0,0,0,0,0,0,0,0,0,0,0,0,0,0,0,0,0,0,0,0,0,0,0,0,0,0,0,0,0,0,0,0,0,0,0,0,0,0,0,0,0,0,0,0,0,0,0,0,0,0,0,0,0,0,0,0,0,0,0,0,0,0,0,0,0,0,0,0,0,0,0,0,0,0,0,0,0,0,0,0,0,0,0,0,0,0,0,0,0,0,0,0,0,0,0,0,0,0,0,0,0,0,0,0,0,0,0,0,0,0,0
2024-01-07T09:00:00Z,0,0,0,0,0,0,0,0,0,0,0,0,0,0,0,0,0,0,0,0,0,0,0,0,0,0,0,0,0,0,0,0,0,0,0,0,0,0,0,0,0,0,0,0,0,0,0,0,0,0,0,0,0,0,0,0,0,0,0,0,0,0,0,0,0,0,0,0,0,0,0,0,0,0,0,0,0,0,0,0,0,0,0,0,0,0,0,0,0,0,0,0,0,0,0,0,0,0,0,0,0,0,0,0,0,0,0,0,0,0,0,0,0,0,0,0,0,0,0,0,0,0,0,0,0,0,0,0,0,0,0,0,0,0,0,0,0,0,0,0,0,0,0,0
2024-01-07T09:15:00Z,0,0,0,0,0,0,0,0,0,0,0,0,0,0,0,0,0,0,0,0,0,0,0,0,0,0,0,0,0,0,0,0,0,0,0,0,0,0,0,0,0,0,0,0,0,0,0,0,0,0,0,0,0,0,0,0,0,0,0,0,0,0,0,0,0,0,0,0,0,0,0,0,0,0,0,0,0,0,0,0,0,0,0,0,0,0,0,0,0,0,0,0,0,0,0,0,0,0,0,0,0,0,0,0,0,0,0,0,0,0,0,0,0,0,0,0,0,0,0,0,0,0,0,0,0,0,0,0,0,0,0,0,0,0,0,0,0,0,0,0,0,0,0,0
2024-01-07T09:30:00Z,0,0,0,0,0,0,0,0,0,0,0,0,0,0,0,0,0,0,0,0,0,0,0,0,0,0,0,0,0,0,0,0,0,0,0,0,0,0,0,0,0,0,0,0,0,0,0,0,0,0,0,0,0,0,0,0,0,0,0,0,0,0,0,0,0,0,0,0,0,0,0,0,0,0,0,0,0,0,0,0,0,0,0,0,0,0,0,0,0,0,0,0,0,0,0,0,0,0,0,0,0,0,0,0,0,0,0,0,0,0,0,0,0,0,0,0,0,0,0,0,0,0,0,0,0,0,0,0,0,0,0,0,0,0,0,0,0,0,0,0,0,0,0,0
2024-01-07T09:45:00Z,0,0,0,0,0,0,0,0,0,0,0,0,0,0,0,0,0,0,0,0,0,0,0,0,0,0,0,0,0,0,0,0,0,0,0,0,0,0,0,0,0,0,0,0,0,0,0,0,0,0,0,0,0,0,0,0,0,0,0,0,0,0,0,0,0,0,0,0,0,0,0,0,0,0,0,0,0,0,0,0,0,0,0,0,0,0,0,0,0,0,0,0,0,0,0,0,0,0,0,0,0,0,0,0,0,0,0,0,0,0,0,0,0,0,0,0,0,0,0,0,0,0,0,0,0,0,0,0,0,0,0,0,0,0,0,0,0,0,0,0,0,0,0,0
2024-01-07T10:00:00Z,0,0,0,0,0,0,0,0,0,0,0,0,0,0,0,0,0,0,0,0,0,0,0,0,0,0,0,0,0,0,0,0,0,0,0,0,0,0,0,0,0,0,0,0,0,0,0,0,0,0,0,0,0,0,0,0,0,0,0,0,0,0,0,0,0,0,0,0,0,0,0,0,0,0,0,0,0,0,0,0,0,0,0,0,0,0,0,0,0,0,0,0,0,0,0,0,0,0,0,0,0,0,0,0,0,0,0,0,0,0,0,0,0,0,0,0,0,0,0,0,0,0,0,0,0,0,0,0,0,0,0,0,0,0,0,0,0,0,0,0,0,0,0,0
2024-01-07T10:15:00Z,0,0,0,0,0,0,0,0,0,0,0,0,0,0,0,0,0,0,0,0,0,0,0,0,0,0,0,0,0,0,0,0,0,0,0,0,0,0,0,0,0,0,0,0,0,0,0,0,0,0,0,0,0,0,0,0,0,0,0,0,0,0,0,0,0,0,0,0,0,0,0,0,0,0,0,0,0,0,0,0,0,0,0,0,0,0,0,0,0,0,0,0,0,0,0,0,0,0,0,0,0,0,0,0,0,0,0,0,0,0,0,0,0,0,0,0,0,0,0,0,0,0,0,0,0,0,0,0,0,0,0,0,0,0,0,0,0,0,0,0,0,0,0,0
2024-01-07T10:30:00Z,0,0,0,0,0,0,0,0,0,0,0,0,0,0,0,0,0,0,0,0,0,0,0,0,0,0,0,0,0,0,0,0,0,0,0,0,0,0,0,0,0,0,0,0,0,0,0,0,0,0,0,0,0,0,0,0,0,0,0,0,0,0,0,0,0,0,0,0,0,0,0,0,0,0,0,0,0,0,0,0,0,0,0,0,0,0,0,0,0,0,0,0,0,0,0,0,0,0,0,0,0,0,0,0,0,0,0,0,0,0,0,0,0,0,0,0,0,0,0,0,0,0,0,0,0,0,0,0,0,0,0,0,0,0,0,0,0,0,0,0,0,0,0,0
2024-01-07T10:45:00Z,0,0,0,0,0,0,0,0,0,0,0,0,0,0,0,0,0,0,0,0,0,0,0,0,0,0,0,0,0,0,0,0,0,0,0,0,0,0,0,0,0,0,0,0,0,0,0,0,0,0,0,0,0,0,0,0,0,0,0,0,0,0,0,0,0,0,0,0,0,0,0,0,0,0,0,0,0,0,0,0,0,0,0,0,0,0,0,0,0,0,0,0,0,0,0,0,0,0,0,0,0,0,0,0,0,0,0,0,0,0,0,0,0,0,0,0,0,0,0,0,0,0,0,0,0,0,0,0,0,0,0,0,0,0,0,0,0,0,0,0,0,0,0,0
2024-01-07T11:00:00Z,0,0,0,0,0,0,0,0,0,0,0,0,0,0,0,0,0,0,0,0,0,0,0,0,0,0,0,0,0,0,0,0,0,0,0,0,0,0,0,0,0,0,0,0,0,0,0,0,0,0,0,0,0,0,0,0,0,0,0,0,0,0,0,0,0,0,0,0,0,0,0,0,0,0,0,0,0,0,0,0,0,0,0,0,0,0,0,0,0,0,0,0,0,0,0,0,0,0,0,0,0,0,0,0,0,0,0,0,0,0,0,0,0,0,0,0,0,0,0,0,0,0,0,0,0,0,0,0,0,0,0,0,0,0,0,0,0,0,0,0,0,0,0,0
2024-01-07T11:15:00Z,0,0,0,0,0,0,0,0,0,0,0,0,0,0,0,0,0,0,0,0,0,0,0,0,0,0,0,0,0,0,0,0,0,0,0,0,0,0,0,0,0,0,0,0,0,0,0,0,0,0,0,0,0,0,0,0,0,0,0,0,0,0,0,0,0,0,0,0,0,0,0,0,0,0,0,0,0,0,0,0,0,0,0,0,0,0,0,0,0,0,0,0,0,0,0,0,0,0,0,0,0,0,0,0,0,0,0,0,0,0,0,0,0,0,0,0,0,0,0,0,0,0,0,0,0,0,0,0,0,0,0,0,0,0,0,0,0,0,0,0,0,0,0,0
2024-01-07T11:30:00Z,0,0,0,0,0,0,0,0,0,0,0,0,0,0,0,0,0,0,0,0,0,0,0,0,0,0,0,0,0,0,0,0,0,0,0,0,0,0,0,0,0,0,0,0,0,0,0,0,0,0,0,0,0,0,0,0,0,0,0,0,0,0,0,0,0,0,0,0,0,0,0,0,0,0,0,0,0,0,0,0,0,0,0,0,0,0,0,0,0,0,0,0,0,0,0,0,0,0,0,0,0,0,0,0,0,0,0,0,0,0,0,0,0,0,0,0,0,0,0,0,0,0,0,0,0,0,0,0,0,0,0,0,0,0,0,0,0,0,0,0,0,0,0,0
2024-01-07T11:45:00Z,0,0,0,0,0,0,0,0,0,0,0,0,0,0,0,0,0,0,0,0,0,0,0,0,0,0,0,0,0,0,0,0,0,0,0,0,0,0,0,0,0,0,0,0,0,0,0,0,0,0,0,0,0,0,0,0,0,0,0,0,0,0,0,0,0,0,0,0,0,0,0,0,0,0,0,0,0,0,0,0,0,0,0,0,0,0,0,0,0,0,0,0,0,0,0,0,0,0,0,0,0,0,0,0,0,0,0,0,0,0,0,0,0,0,0,0,0,0,0,0,0,0,0,0,0,0,0,0,0,0,0,0,0,0,0,0,0,0,0,0,0,0,0,0
2024-01-07T12:00:00Z,0,0,0,0,0,0,0,0,0,0,0,0,0,0,0,0,0,0,0,0,0,0,0,0,0,0,0,0,0,0,0,0,0,0,0,0,0,0,0,0,0,0,0,0,0,0,0,0,0,0,0,0,0,0,0,0,0,0,0,0,0,0,0,0,0,0,0,0,0,0,0,0,0,0,0,0,0,0,0,0,0,0,0,0,0,0,0,0,0,0,0,0,0,0,0,0,0,0,0,0,0,0,0,0,0,0,0,0,0,0,0,0,0,0,0,0,0,0,0,0,0,0,0,0,0,0,0,0,0,0,0,0,0,0,0,0,0,0,0,0,0,0,0,0
2024-01-07T12:15:00Z,0,0,0,0,0,0,0,0,0,0,0,0,0,0,0,0,0,0,0,0,0,0,0,0,0,0,0,0,0,0,0,0,0,0,0,0,0,0,0,0,0,0,0,0,0,0,0,0,0,0,0,0,0,0,0,0,0,0,0,0,0,0,0,0,0,0,0,0,0,0,0,0,0,0,0,0,0,0,0,0,0,0,0,0,0,0,0,0,0,0,0,0,0,0,0,0,0,0,0,0,0,0,0,0,0,0,0,0,0,0,0,0,0,0,0,0,0,0,0,0,0,0,0,0,0,0,0,0,0,0,0,0,0,0,0,0,0,0,0,0,0,0,0,0
2024-01-07T12:30:00Z,0,0,0,0,0,0,0,0,0,0,0,0,0,0,0,0,0,0,0,0,0,0,0,0,0,0,0,0,0,0,0,0,0,0,0,0,0,0,0,0,0,0,0,0,0,0,0,0,0,0,0,0,0,0,0,0,0,0,0,0,0,0,0,0,0,0,0,0,0,0,0,0,0,0,0,0,0,0,0,0,0,0,0,0,0,0,0,0,0,0,0,0,0,0,0,0,0,0,0,0,0,0,0,0,0,0,0,0,0,0,0,0,0,0,0,0,0,0,0,0,0,0,0,0,0,0,0,0,0,0,0,0,0,0,0,0,0,0,0,0,0,0,0,0
2024-01-07T12:45:00Z,0,0,0,0,0,0,0,0,0,0,0,0,0,0,0,0,0,0,0,0,0,0,0,0,0,0,0,0,0,0,0,0,0,0,0,0,0,0,0,0,0,0,0,0,0,0,0,0,0,0,0,0,0,0,0,0,0,0,0,0,0,0,0,0,0,0,0,0,0,0,0,0,0,0,0,0,0,0,0,0,0,0,0,0,0,0,0,0,0,0,0,0,0,0,0,0,0,0,0,0,0,0,0,0,0,0,0,0,0,0,0,0,0,0,0,0,0,0,0,0,0,0,0,0,0,0,0,0,0,0,0,0,0,0,0,0,0,0,0,0,0,0,0,0
2024-01-07T13:00:00Z,0,0,0,0,0,0,0,0,0,0,0,0,0,0,0,0,0,0,0,0,0,0,0,0,0,0,0,0,0,0,0,0,0,0,0,0,0,0,0,0,0,0,0,0,0,0,0,0,0,0,0,0,0,0,0,0,0,0,0,0,0,0,0,0,0,0,0,0,0,0,0,0,0,0,0,0,0,0,0,0,0,0,0,0,0,0,0,0,0,0,0,0,0,0,0,0,0,0,0,0,0,0,0,0,0,0,0,0,0,0,0,0,0,0,0,0,0,0,0,0,0,0,0,0,0,0,0,0,0,0,0,0,0,0,0,0,0,0,0,0,0,0,0,0
2024-01-07T13:15:00Z,0,0,0,0,0,0,0,0,0,0,0,0,0,0,0,0,0,0,0,0,0,0,0,0,0,0,0,0,0,0,0,0,0,0,0,0,0,0,0,0,0,0,0,0,0,0,0,0,0,0,0,0,0,0,0,0,0,0,0,0,0,0,0,0,0,0,0,0,0,0,0,0,0,0,0,0,0,0,0,0,0,0,0,0,0,0,0,0,0,0,0,0,0,0,0,0,0,0,0,0,0,0,0,0,0,0,0,0,0,0,0,0,0,0,0,0,0,0,0,0,0,0,0,0,0,0,0,0,0,0,0,0,0,0,0,0,0,0,0,0,0,0,0,0
2024-01-07T13:30:00Z,0,0,0,0,0,0,0,0,0,0,0,0,0,0,0,0,0,0,0,0,0,0,0,0,0,0,0,0,0,0,0,0,0,0,0,0,0,0,0,0,0,0,0,0,0,0,0,0,0,0,0,0,0,0,0,0,0,0,0,0,0,0,0,0,0,0,0,0,0,0,0,0,0,0,0,0,0,0,0,0,0,0,0,0,0,0,0,0,0,0,0,0,0,0,0,0,0,0,0,0,0,0,0,0,0,0,0,0,0,0,0,0,0,0,0,0,0,0,0,0,0,0,0,0,0,0,0,0,0,0,0,0,0,0,0,0,0,0,0,0,0,0,0,0
2024-01-07T13:45:00Z,0,0,0,0,0,0,0,0,0,0,0,0,0,0,0,0,0,0,0,0,0,0,0,0,0,0,0,0,0,0,0,0,0,0,0,0,0,0,0,0,0,0,0,0,0,0,0,0,0,0,0,0,0,0,0,0,0,0,0,0,0,0,0,0,0,0,0,0,0,0,0,0,0,0,0,0,0,0,0,0,0,0,0,0,0,0,0,0,0,0,0,0,0,0,0,0,0,0,0,0,0,0,0,0,0,0,0,0,0,0,0,0,0,0,0,0,0,0,0,0,0,0,0,0,0,0,0,0,0,0,0,0,0,0,0,0,0,0,0,0,0,0,0,0
2024-01-07T14:00:00Z,0,0,0,0,0,0,0,0,0,0,0,0,0,0,0,0,0,0,0,0,0,0,0,0,0,0,0,0,0,0,0,0,0,0,0,0,0,0,0,0,0,0,0,0,0,0,0,0,0,0,0,0,0,0,0,0,0,0,0,0,0,0,0,0,0,0,0,0,0,0,0,0,0,0,0,0,0,0,0,0,0,0,0,0,0,0,0,0,0,0,0,0,0,0,0,0,0,0,0,0,0,0,0,0,0,0,0,0,0,0,0,0,0,0,0,0,0,0,0,0,0,0,0,0,0,0,0,0,0,0,0,0,0,0,0,0,0,0,0,0,0,0,0,0
2024-01-07T14:15:00Z,0,0,0,0,0,0,0,0,0,0,0,0,0,0,0,0,0,0,0,0,0,0,0,0,0,0,0,0,0,0,0,0,0,0,0,0,0,0,0,0,0,0,0,0,0,0,0,0,0,0,0,0,0,0,0,0,0,0,0,0,0,0,0,0,0,0,0,0,0,0,0,0,0,0,0,0,0,0,0,0,0,0,0,0,0,0,0,0,0,0,0,0,0,0,0,0,0,0,0,0,0,0,0,0,0,0,0,0,0,0,0,0,0,0,0,0,0,0,0,0,0,0,0,0,0,0,0,0,0,0,0,0,0,0,0,0,0,0,0,0,0,0,0,0
2024-01-07T14:30:00Z,0,0,0,0,0,0,0,0,0,0,0,0,0,0,0,0,0,0,0,0,0,0,0,0,0,0,0,0,0,0,0,0,0,0,0,0,0,0,0,0,0,0,0,0,0,0,0,0,0,0,0,0,0,0,0,0,0,0,0,0,0,0,0,0,0,0,0,0,0,0,0,0,0,0,0,0,0,0,0,0,0,0,0,0,0,0,0,0,0,0,0,0,0,0,0,0,0,0,0,0,0,0,0,0,0,0,0,0,0,0,0,0,0,0,0,0,0,0,0,0,0,0,0,0,0,0,0,0,0,0,0,0,0,0,0,0,0,0,0,0,0,0,0,0
2024-01-07T14:45:00Z,0,0,0,0,0,0,0,0,0,0,0,0,0,0,0,0,0,0,0,0,0,0,0,0,0,0,0,0,0,0,0,0,0,0,0,0,0,0,0,0,0,0,0,0,0,0,0,0,0,0,0,0,0,0,0,0,0,0,0,0,0,0,0,0,0,0,0,0,0,0,0,0,0,0,0,0,0,0,0,0,0,0,0,0,0,0,0,0,0,0,0,0,0,0,0,0,0,0,0,0,0,0,0,0,0,0,0,0,0,0,0,0,0,0,0,0,0,0,0,0,0,0,0,0,0,0,0,0,0,0,0,0,0,0,0,0,0,0,0,0,0,0,0,0
2024-01-07T15:00:00Z,0,0,0,0,0,0,0,0,0,0,0,0,0,0,0,0,0,0,0,0,0,0,0,0,0,0,0,0,0,0,0,0,0,0,0,0,0,0,0,0,0,0,0,0,0,0,0,0,0,0,0,0,0,0,0,0,0,0,0,0,0,0,0,0,0,0,0,0,0,0,0,0,0,0,0,0,0,0,0,0,0,0,0,0,0,0,0,0,0,0,0,0,0,0,0,0,0,0,0,0,0,0,0,0,0,0,0,0,0,0,0,0,0,0,0,0,0,0,0,0,0,0,0,0,0,0,0,0,0,0,0,0,0,0,0,0,0,0,0,0,0,0,0,0
2024-01-07T15:15:00Z,0,0,0,0,0,0,0,0,0,0,0,0,0,0,0,0,0,0,0,0,0,0,0,0,0,0,0,0,0,0,0,0,0,0,0,0,0,0,0,0,0,0,0,0,0,0,0,0,0,0,0,0,0,0,0,0,0,0,0,0,0,0,0,0,0,0,0,0,0,0,0,0,0,0,0,0,0,0,0,0,0,0,0,0,0,0,0,0,0,0,0,0,0,0,0,0,0,0,0,0,0,0,0,0,0,0,0,0,0,0,0,0,0,0,0,0,0,0,0,0,0,0,0,0,0,0,0,0,0,0,0,0,0,0,0,0,0,0,0,0,0,0,0,0
2024-01-07T15:30:00Z,0,0,0,0,0,0,0,0,0,0,0,0,0,0,0,0,0,0,0,0,0,0,0,0,0,0,0,0,0,0,0,0,0,0,0,0,0,0,0,0,0,0,0,0,0,0,0,0,0,0,0,0,0,0,0,0,0,0,0,0,0,0,0,0,0,0,0,0,0,0,0,0,0,0,0,0,0,0,0,0,0,0,0,0,0,0,0,0,0,0,0,0,0,0,0,0,0,0,0,0,0,0,0,0,0,0,0,0,0,0,0,0,0,0,0,0,0,0,0,0,0,0,0,0,0,0,0,0,0,0,0,0,0,0,0,0,0,0,0,0,0,0,0,0
2024-01-07T15:45:00Z,0,0,0,0,0,0,0,0,0,0,0,0,0,0,0,0,0,0,0,0,0,0,0,0,0,0,0,0,0,0,0,0,0,0,0,0,0,0,0,0,0,0,0,0,0,0,0,0,0,0,0,0,0,0,0,0,0,0,0,0,0,0,0,0,0,0,0,0,0,0,0,0,0,0,0,0,0,0,0,0,0,0,0,0,0,0,0,0,0,0,0,0,0,0,0,0,0,0,0,0,0,0,0,0,0,0,0,0,0,0,0,0,0,0,0,0,0,0,0,0,0,0,0,0,0,0,0,0,0,0,0,0,0,0,0,0,0,0,0,0,0,0,0,0
2024-01-07T16:00:00Z,0,0,0,0,0,0,0,0,0,0,0,0,0,0,0,0,0,0,0,0,0,0,0,0,0,0,0,0,0,0,0,0,0,0,0,0,0,0,0,0,0,0,0,0,0,0,0,0,0,0,0,0,0,0,0,0,0,0,0,0,0,0,0,0,0,0,0,0,0,0,0,0,0,0,0,0,0,0,0,0,0,0,0,0,0,0,0,0,0,0,0,0,0,0,0,0,0,0,0,0,0,0,0,0,0,0,0,0,0,0,0,0,0,0,0,0,0,0,0,0,0,0,0,0,0,0,0,0,0,0,0,0,0,0,0,0,0,0,0,0,0,0,0,0
2024-01-07T16:15:00Z,0,0,0,0,0,0,0,0,0,0,0,0,0,0,0,0,0,0,0,0,0,0,0,0,0,0,0,0,0,0,0,0,0,0,0,0,0,0,0,0,0,0,0,0,0,0,0,0,0,0,0,0,0,0,0,0,0,0,0,0,0,0,0,0,0,0,0,0,0,0,0,0,0,0,0,0,0,0,0,0,0,0,0,0,0,0,0,0,0,0,0,0,0,0,0,0,0,0,0,0,0,0,0,0,0,0,0,0,0,0,0,0,0,0,0,0,0,0,0,0,0,0,0,0,0,0,0,0,0,0,0,0,0,0,0,0,0,0,0,0,0,0,0,0
2024-01-07T16:30:00Z,0,0,0,0,0,0,0,0,0,0,0,0,0,0,0,0,0,0,0,0,0,0,0,0,0,0,0,0,0,0,0,0,0,0,0,0,0,0,0,0,0,0,0,0,0,0,0,0,0,0,0,0,0,0,0,0,0,0,0,0,0,0,0,0,0,0,0,0,0,0,0,0,0,0,0,0,0,0,0,0,0,0,0,0,0,0,0,0,0,0,0,0,0,0,0,0,0,0,0,0,0,0,0,0,0,0,0,0,0,0,0,0,0,0,0,0,0,0,0,0,0,0,0,0,0,0,0,0,0,0,0,0,0,0,0,0,0,0,0,0,0,0,0,0
2024-01-07T16:45:00Z,0,0,0,0,0,0,0,0,0,0,0,0,0,0,0,0,0,0,0,0,0,0,0,0,0,0,0,0,0,0,0,0,0,0,0,0,0,0,0,0,0,0,0,0,0,0,0,0,0,0,0,0,0,0,0,0,0,0,0,0,0,0,0,0,0,0,0,0,0,0,0,0,0,0,0,0,0,0,0,0,0,0,0,0,0,0,0,0,0,0,0,0,0,0,0,0,0,0,0,0,0,0,0,0,0,0,0,0,0,0,0,0,0,0,0,0,0,0,0,0,0,0,0,0,0,0,0,0,0,0,0,0,0,0,0,0,0,0,0,0,0,0,0,0
2024-01-07T17:00:00Z,0,0,0,0,0,0,0,0,0,0,0,0,0,0,0,0,0,0,0,0,0,0,0,0,0,0,0,0,0,0,0,0,0,0,0,0,0,0,0,0,0,0,0,0,0,0,0,0,0,0,0,0,0,0,0,0,0,0,0,0,0,0,0,0,0,0,0,0,0,0,0,0,0,0,0,0,0,0,0,0,0,0,0,0,0,0,0,0,0,0,0,0,0,0,0,0,0,0,0,0,0,0,0,0,0,0,0,0,0,0,0,0,0,0,0,0,0,0,0,0,0,0,0,0,0,0,0,0,0,0,0,0,0,0,0,0,0,0,0,0,0,0,0,0
2024-01-07T17:15:00Z,0,0,0,0,0,0,0,0,0,0,0,0,0,0,0,0,0,0,0,0,0,0,0,0,0,0,0,0,0,0,0,0,0,0,0,0,0,0,0,0,0,0,0,0,0,0,0,0,0,0,0,0,0,0,0,0,0,0,0,0,0,0,0,0,0,0,0,0,0,0,0,0,0,0,0,0,0,0,0,0,0,0,0,0,0,0,0,0,0,0,0,0,0,0,0,0,0,0,0,0,0,0,0,0,0,0,0,0,0,0,0,0,0,0,0,0,0,0,0,0,0,0,0,0,0,0,0,0,0,0,0,0,0,0,0,0,0,0,0,0,0,0,0,0
2024-01-07T17:30:00Z,0,0,0,0,0,0,0,0,0,0,0,0,0,0,0,0,0,0,0,0,0,0,0,0,0,0,0,0,0,0,0,0,0,0,0,0,0,0,0,0,0,0,0,0,0,0,0,0,0,0,0,0,0,0,0,0,0,0,0,0,0,0,0,0,0,0,0,0,0,0,0,0,0,0,0,0,0,0,0,0,0,0,0,0,0,0,0,0,0,0,0,0,0,0,0,0,0,0,0,0,0,0,0,0,0,0,0,0,0,0,0,0,0,0,0,0,0,0,0,0,0,0,0,0,0,0,0,0,0,0,0,0,0,0,0,0,0,0,0,0,0,0,0,0
2024-01-07T17:45:00Z,0,0,0,0,0,0,0,0,0,0,0,0,0,0,0,0,0,0,0,0,0,0,0,0,0,0,0,0,0,0,0,0,0,0,0,0,0,0,0,0,0,0,0,0,0,0,0,0,0,0,0,0,0,0,0,0,0,0,0,0,0,0,0,0,0,0,0,0,0,0,0,0,0,0,0,0,0,0,0,0,0,0,0,0,0,0,0,0,0,0,0,0,0,0,0,0,0,0,0,0,0,0,0,0,0,0,0,0,0,0,0,0,0,0,0,0,0,0,0,0,0,0,0,0,0,0,0,0,0,0,0,0,0,0,0,0,0,0,0,0,0,0,0,0
2024-01-07T18:00:00Z,0,0,0,0,0,0,0,0,0,0,0,0,0,0,0,0,0,0,0,0,0,0,0,0,0,0,0,0,0,0,0,0,0,0,0,0,0,0,0,0,0,0,0,0,0,0,0,0,0,0,0,0,0,0,0,0,0,0,0,0,0,0,0,0,0,0,0,0,0,0,0,0,0,0,0,0,0,0,0,0,0,0,0,0,0,0,0,0,0,0,0,0,0,0,0,0,0,0,0,0,0,0,0,0,0,0,0,0,0,0,0,0,0,0,0,0,0,0,0,0,0,0,0,0,0,0,0,0,0,0,0,0,0,0,0,0,0,0,0,0,0,0,0,0
2024-01-07T18:15:00Z,0,0,0,0,0,0,0,0,0,0,0,0,0,0,0,0,0,0,0,0,0,0,0,0,0,0,0,0,0,0,0,0,0,0,0,0,0,0,0,0,0,0,0,0,0,0,0,0,0,0,0,0,0,0,0,0,0,0,0,0,0,0,0,0,0,0,0,0,0,0,0,0,0,0,0,0,0,0,0,0,0,0,0,0,0,0,0,0,0,0,0,0,0,0,0,0,0,0,0,0,0,0,0,0,0,0,0,0,0,0,0,0,0,0,0,0,0,0,0,0,0,0,0,0,0,0,0,0,0,0,0,0,0,0,0,0,0,0,0,0,0,0,0,0
2024-01-07T18:30:00Z,0,0,0,0,0,0,0,0,0,0,0,0,0,0,0,0,0,0,0,0,0,0,0,0,0,0,0,0,0,0,0,0,0,0,0,0,0,0,0,0,0,0,0,0,0,0,0,0,0,0,0,0,0,0,0,0,0,0,0,0,0,0,0,0,0,0,0,0,0,0,0,0,0,0,0,0,0,0,0,0,0,0,0,0,0,0,0,0,0,0,0,0,0,0,0,0,0,0,0,0,0,0,0,0,0,0,0,0,0,0,0,0,0,0,0,0,0,0,0,0,0,0,0,0,0,0,0,0,0,0,0,0,0,0,0,0,0,0,0,0,0,0,0,0
2024-01-07T18:45:00Z,0,0,0,0,0,0,0,0,0,0,0,0,0,0,0,0,0,0,0,0,0,0,0,0,0,0,0,0,0,0,0,0,0,0,0,0,0,0,0,0,0,0,0,0,0,0,0,0,0,0,0,0,0,0,0,0,0,0,0,0,0,0,0,0,0,0,0,0,0,0,0,0,0,0,0,0,0,0,0,0,0,0,0,0,0,0,0,0,0,0,0,0,0,0,0,0,0,0,0,0,0,0,0,0,0,0,0,0,0,0,0,0,0,0,0,0,0,0,0,0,0,0,0,0,0,0,0,0,0,0,0,0,0,0,0,0,0,0,0,0,0,0,0,0
2024-01-07T19:00:00Z,0,0,0,0,0,0,0,0,0,0,0,0,0,0,0,0,0,0,0,0,0,0,0,0,0,0,0,0,0,0,0,0,0,0,0,0,0,0,0,0,0,0,0,0,0,0,0,0,0,0,0,0,0,0,0,0,0,0,0,0,0,0,0,0,0,0,0,0,0,0,0,0,0,0,0,0,0,0,0,0,0,0,0,0,0,0,0,0,0,0,0,0,0,0,0,0,0,0,0,0,0,0,0,0,0,0,0,0,0,0,0,0,0,0,0,0,0,0,0,0,0,0,0,0,0,0,0,0,0,0,0,0,0,0,0,0,0,0,0,0,0,0,0,0
2024-01-07T19:15:00Z,0,0,0,0,0,0,0,0,0,0,0,0,0,0,0,0,0,0,0,0,0,0,0,0,0,0,0,0,0,0,0,0,0,0,0,0,0,0,0,0,0,0,0,0,0,0,0,0,0,0,0,0,0,0,0,0,0,0,0,0,0,0,0,0,0,0,0,0,0,0,0,0,0,0,0,0,0,0,0,0,0,0,0,0,0,0,0,0,0,0,0,0,0,0,0,0,0,0,0,0,0,0,0,0,0,0,0,0,0,0,0,0,0,0,0,0,0,0,0,0,0,0,0,0,0,0,0,0,0,0,0,0,0,0,0,0,0,0,0,0,0,0,0,0
2024-01-07T19:30:00Z,0,0,0,0,0,0,0,0,0,0,0,0,0,0,0,0,0,0,0,0,0,0,0,0,0,0,0,0,0,0,0,0,0,0,0,0,0,0,0,0,0,0,0,0,0,0,0,0,0,0,0,0,0,0,0,0,0,0,0,0,0,0,0,0,0,0,0,0,0,0,0,0,0,0,0,0,0,0,0,0,0,0,0,0,0,0,0,0,0,0,0,0,0,0,0,0,0,0,0,0,0,0,0,0,0,0,0,0,0,0,0,0,0,0,0,0,0,0,0,0,0,0,0,0,0,0,0,0,0,0,0,0,0,0,0,0,0,0,0,0,0,0,0,0
2024-01-07T19:45:00Z,0,0,0,0,0,0,0,0,0,0,0,0,0,0,0,0,0,0,0,0,0,0,0,0,0,0,0,0,0,0,0,0,0,0,0,0,0,0,0,0,0,0,0,0,0,0,0,0,0,0,0,0,0,0,0,0,0,0,0,0,0,0,0,0,0,0,0,0,0,0,0,0,0,0,0,0,0,0,0,0,0,0,0,0,0,0,0,0,0,0,0,0,0,0,0,0,0,0,0,0,0,0,0,0,0,0,0,0,0,0,0,0,0,0,0,0,0,0,0,0,0,0,0,0,0,0,0,0,0,0,0,0,0,0,0,0,0,0,0,0,0,0,0,0
2024-01-07T20:00:00Z,0,0,0,0,0,0,0,0,0,0,0,0,0,0,0,0,0,0,0,0,0,0,0,0,0,0,0,0,0,0,0,0,0,0,0,0,0,0,0,0,0,0,0,0,0,0,0,0,0,0,0,0,0,0,0,0,0,0,0,0,0,0,0,0,0,0,0,0,0,0,0,0,0,0,0,0,0,0,0,0,0,0,0,0,0,0,0,0,0,0,0,0,0,0,0,0,0,0,0,0,0,0,0,0,0,0,0,0,0,0,0,0,0,0,0,0,0,0,0,0,0,0,0,0,0,0,0,0,0,0,0,0,0,0,0,0,0,0,0,0,0,0,0,0
2024-01-07T20:15:00Z,0,0,0,0,0,0,0,0,0,0,0,0,0,0,0,0,0,0,0,0,0,0,0,0,0,0,0,0,0,0,0,0,0,0,0,0,0,0,0,0,0,0,0,0,0,0,0,0,0,0,0,0,0,0,0,0,0,0,0,0,0,0,0,0,0,0,0,0,0,0,0,0,0,0,0,0,0,0,0,0,0,0,0,0,0,0,0,0,0,0,0,0,0,0,0,0,0,0,0,0,0,0,0,0,0,0,0,0,0,0,0,0,0,0,0,0,0,0,0,0,0,0,0,0,0,0,0,0,0,0,0,0,0,0,0,0,0,0,0,0,0,0,0,0
2024-01-07T20:30:00Z,0,0,0,0,0,0,0,0,0,0,0,0,0,0,0,0,0,0,0,0,0,0,0,0,0,0,0,0,0,0,0,0,0,0,0,0,0,0,0,0,0,0,0,0,0,0,0,0,0,0,0,0,0,0,0,0,0,0,0,0,0,0,0,0,0,0,0,0,0,0,0,0,0,0,0,0,0,0,0,0,0,0,0,0,0,0,0,0,0,0,0,0,0,0,0,0,0,0,0,0,0,0,0,0,0,0,0,0,0,0,0,0,0,0,0,0,0,0,0,0,0,0,0,0,0,0,0,0,0,0,0,0,0,0,0,0,0,0,0,0,0,0,0,0
2024-01-07T20:45:00Z,0,0,0,0,0,0,0,0,0,0,0,0,0,0,0,0,0,0,0,0,0,0,0,0,0,0,0,0,0,0,0,0,0,0,0,0,0,0,0,0,0,0,0,0,0,0,0,0,0,0,0,0,0,0,0,0,0,0,0,0,0,0,0,0,0,0,0,0,0,0,0,0,0,0,0,0,0,0,0,0,0,0,0,0,0,0,0,0,0,0,0,0,0,0,0,0,0,0,0,0,0,0,0,0,0,0,0,0,0,0,0,0,0,0,0,0,0,0,0,0,0,0,0,0,0,0,0,0,0,0,0,0,0,0,0,0,0,0,0,0,0,0,0,0
2024-01-07T21:00:00Z,0,0,0,0,0,0,0,0,0,0,0,0,0,0,0,0,0,0,0,0,0,0,0,0,0,0,0,0,0,0,0,0,0,0,0,0,0,0,0,0,0,0,0,0,0,0,0,0,0,0,0,0,0,0,0,0,0,0,0,0,0,0,0,0,0,0,0,0,0,0,0,0,0,0,0,0,0,0,0,0,0,0,0,0,0,0,0,0,0,0,0,0,0,0,0,0,0,0,0,0,0,0,0,0,0,0,0,0,0,0,0,0,0,0,0,0,0,0,0,0,0,0,0,0,0,0,0,0,0,0,0,0,0,0,0,0,0,0,0,0,0,0,0,0
2024-01-07T21:15:00Z,0,0,0,0,0,0,0,0,0,0,0,0,0,0,0,0,0,0,0,0,0,0,0,0,0,0,0,0,0,0,0,0,0,0,0,0,0,0,0,0,0,0,0,0,0,0,0,0,0,0,0,0,0,0,0,0,0,0,0,0,0,0,0,0,0,0,0,0,0,0,0,0,0,0,0,0,0,0,0,0,0,0,0,0,0,0,0,0,0,0,0,0,0,0,0,0,0,0,0,0,0,0,0,0,0,0,0,0,0,0,0,0,0,0,0,0,0,0,0,0,0,0,0,0,0,0,0,0,0,0,0,0,0,0,0,0,0,0,0,0,0,0,0,0
2024-01-07T21:30:00Z,0,0,0,0,0,0,0,0,0,0,0,0,0,0,0,0,0,0,0,0,0,0,0,0,0,0,0,0,0,0,0,0,0,0,0,0,0,0,0,0,0,0,0,0,0,0,0,0,0,0,0,0,0,0,0,0,0,0,0,0,0,0,0,0,0,0,0,0,0,0,0,0,0,0,0,0,0,0,0,0,0,0,0,0,0,0,0,0,0,0,0,0,0,0,0,0,0,0,0,0,0,0,0,0,0,0,0,0,0,0,0,0,0,0,0,0,0,0,0,0,0,0,0,0,0,0,0,0,0,0,0,0,0,0,0,0,0,0,0,0,0,0,0,0
2024-01-07T21:45:00Z,0,0,0,0,0,0,0,0,0,0,0,0,0,0,0,0,0,0,0,0,0,0,0,0,0,0,0,0,0,0,0,0,0,0,0,0,0,0,0,0,0,0,0,0,0,0,0,0,0,0,0,0,0,0,0,0,0,0,0,0,0,0,0,0,0,0,0,0,0,0,0,0,0,0,0,0,0,0,0,0,0,0,0,0,0,0,0,0,0,0,0,0,0,0,0,0,0,0,0,0,0,0,0,0,0,0,0,0,0,0,0,0,0,0,0,0,0,0,0,0,0,0,0,0,0,0,0,0,0,0,0,0,0,0,0,0,0,0,0,0,0,0,0,0
2024-01-07T22:00:00Z,0,0,0,0,0,0,0,0,0,0,0,0,0,0,0,0,0,0,0,0,0,0,0,0,0,0,0,0,0,0,0,0,0,0,0,0,0,0,0,0,0,0,0,0,0,0,0,0,0,0,0,0,0,0,0,0,0,0,0,0,0,0,0,0,0,0,0,0,0,0,0,0,0,0,0,0,0,0,0,0,0,0,0,0,0,0,0,0,0,0,0,0,0,0,0,0,0,0,0,0,0,0,0,0,0,0,0,0,0,0,0,0,0,0,0,0,0,0,0,0,0,0,0,0,0,0,0,0,0,0,0,0,0,0,0,0,0,0,0,0,0,0,0,0
2024-01-07T22:15:00Z,0,0,0,0,0,0,0,0,0,0,0,0,0,0,0,0,0,0,0,0,0,0,0,0,0,0,0,0,0,0,0,0,0,0,0,0,0,0,0,0,0,0,0,0,0,0,0,0,0,0,0,0,0,0,0,0,0,0,0,0,0,0,0,0,0,0,0,0,0,0,0,0,0,0,0,0,0,0,0,0,0,0,0,0,0,0,0,0,0,0,0,0,0,0,0,0,0,0,0,0,0,0,0,0,0,0,0,0,0,0,0,0,0,0,0,0,0,0,0,0,0,0,0,0,0,0,0,0,0,0,0,0,0,0,0,0,0,0,0,0,0,0,0,0
2024-01-07T22:30:00Z,0,0,0,0,0,0,0,0,0,0,0,0,0,0,0,0,0,0,0,0,0,0,0,0,0,0,0,0,0,0,0,0,0,0,0,0,0,0,0,0,0,0,0,0,0,0,0,0,0,0,0,0,0,0,0,0,0,0,0,0,0,0,0,0,0,0,0,0,0,0,0,0,0,0,0,0,0,0,0,0,0,0,0,0,0,0,0,0,0,0,0,0,0,0,0,0,0,0,0,0,0,0,0,0,0,0,0,0,0,0,0,0,0,0,0,0,0,0,0,0,0,0,0,0,0,0,0,0,0,0,0,0,0,0,0,0,0,0,0,0,0,0,0,0
2024-01-07T22:45:00Z,0,0,0,0,0,0,0,0,0,0,0,0,0,0,0,0,0,0,0,0,0,0,0,0,0,0,0,0,0,0,0,0,0,0,0,0,0,0,0,0,0,0,0,0,0,0,0,0,0,0,0,0,0,0,0,0,0,0,0,0,0,0,0,0,0,0,0,0,0,0,0,0,0,0,0,0,0,0,0,0,0,0,0,0,0,0,0,0,0,0,0,0,0,0,0,0,0,0,0,0,0,0,0,0,0,0,0,0,0,0,0,0,0,0,0,0,0,0,0,0,0,0,0,0,0,0,0,0,0,0,0,0,0,0,0,0,0,0,0,0,0,0,0,0
2024-01-07T23:00:00Z,0,0,0,0,0,0,0,0,0,0,0,0,0,0,0,0,0,0,0,0,0,0,0,0,0,0,0,0,0,0,0,0,0,0,0,0,0,0,0,0,0,0,0,0,0,0,0,0,0,0,0,0,0,0,0,0,0,0,0,0,0,0,0,0,0,0,0,0,0,0,0,0,0,0,0,0,0,0,0,0,0,0,0,0,0,0,0,0,0,0,0,0,0,0,0,0,0,0,0,0,0,0,0,0,0,0,0,0,0,0,0,0,0,0,0,0,0,0,0,0,0,0,0,0,0,0,0,0,0,0,0,0,0,0,0,0,0,0,0,0,0,0,0,0
2024-01-07T23:15:00Z,0,0,0,0,0,0,0,0,0,0,0,0,0,0,0,0,0,0,0,0,0,0,0,0,0,0,0,0,0,0,0,0,0,0,0,0,0,0,0,0,0,0,0,0,0,0,0,0,0,0,0,0,0,0,0,0,0,0,0,0,0,0,0,0,0,0,0,0,0,0,0,0,0,0,0,0,0,0,0,0,0,0,0,0,0,0,0,0,0,0,0,0,0,0,0,0,0,0,0,0,0,0,0,0,0,0,0,0,0,0,0,0,0,0,0,0,0,0,0,0,0,0,0,0,0,0,0,0,0,0,0,0,0,0,0,0,0,0,0,0,0,0,0,0
2024-01-07T23:30:00Z,0,0,0,0,0,0,0,0,0,0,0,0,0,0,0,0,0,0,0,0,0,0,0,0,0,0,0,0,0,0,0,0,0,0,0,0,0,0,0,0,0,0,0,0,0,0,0,0,0,0,0,0,0,0,0,0,0,0,0,0,0,0,0,0,0,0,0,0,0,0,0,0,0,0,0,0,0,0,0,0,0,0,0,0,0,0,0,0,0,0,0,0,0,0,0,0,0,0,0,0,0,0,0,0,0,0,0,0,0,0,0,0,0,0,0,0,0,0,0,0,0,0,0,0,0,0,0,0,0,0,0,0,0,0,0,0,0,0,0,0,0,0,0,0
2024-01-07T23:45:00Z,0,0,0,0,0,0,0,0,0,0,0,0,0,0,0,0,0,0,0,0,0,0,0,0,0,0,0,0,0,0,0,0,0,0,0,0,0,0,0,0,0,0,0,0,0,0,0,0,0,0,0,0,0,0,0,0,0,0,0,0,0,0,0,0,0,0,0,0,0,0,0,0,0,0,0,0,0,0,0,0,0,0,0,0,0,0,0,0,0,0,0,0,0,0,0,0,0,0,0,0,0,0,0,0,0,0,0,0,0,0,0,0,0,0,0,0,0,0,0,0,0,0,0,0,0,0,0,0,0,0,0,0,0,0,0,0,0,0,0,0,0,0,0,0
2025-01-07T08:00:00Z,0,0,0,0,0,0,52.5,0.9,2.5,50.7,0.4,0.9,55.6,3,4,55.9,6.5,11.4,0,0,0,53.6,0.9,1.6,0,0,0,54.3,4,5.8,0,0,0,50,0.6,0.8,55.6,4.3,6.9,0,0,0,0,0,0,53.1,0,0,0,0,0,49.8,0,0,56.1,3.3,3.5,52.8,1.5,1.5,54.1,1.1,2.2,54,0,0,53.9,4,4,52.5,0.2,1.1,52.9,0,0,52.3,0.2,1.1,56.3,4,4,56.1,4.5,7.4,41.1,0,1,52.7,3.4,3.4,53.2,2.9,3.4,54,0.7,1.1,53.1,0.7,1.1,52.1,0,0,46.8,0,0,54.3,0,0,45.1,1.1,1.1,56.3,1.3,2.2,57,1.1,2.2,57.2,4.5,5.8,47.6,0.9,1.6,51.8,0.2,1.1,57.7,1.8,1.8,55.2,25.1,26,57.6,0,0,55.9,0,0,55,0,3,50.1,0,0
2025-01-07T08:15:00Z,0,0,0,0,0,0,52.2,1.1,2.2,50.2,0.4,0.9,55.5,2,4,55.8,5.4,11.6,0,0,0,52.8,1.3,1.6,53.8,1.1,2.2,54.1,4.9,6.9,55.8,0.7,2.2,49.5,0.6,0.8,55.9,4.9,8.1,50.4,0,0,48.6,0,0,53.6,1.1,1.1,52.2,0,0,49.1,0,0,56.1,4.4,4.6,53.2,2.2,2.2,54.1,1.8,2.2,54,0,0,53.9,4,4,52.7,1.1,1.1,52.9,0,0,52,0.4,1.1,56.5,5,5,56.1,5.4,8.9,40.8,5.1,5,52.2,2.2,3.4,53.1,3.6,4.3,54,1.1,1.1,52.7,1.1,1.1,52.1,0.7,0.7,46.8,0,0,54.3,0,0,45.1,2.2,2.2,55,1.8,2.2,57,3.8,5.8,56.7,3.4,4.5,47.6,2,2.2,53.1,0.4,1.1,57.6,1.6,1.6,55.6,25.1,28,57.6,0,0,55.2,0,0,55,1,5,50,0,0
2025-01-07T08:30:00Z,0,0,0,0,0,0,52.2,0.9,1.3,49.5,1.3,2,55.1,2,4,55.6,6.3,9.6,0,0,0,52.4,1.6,2.2,53.8,0.9,1.1,54.3,6.5,10.3,53.8,1.1,1.1,49.5,1.1,1.1,55.8,3.4,5.8,49.5,0,0,48.2,0,0,54,0,0,53.4,0,0,48.9,0,0,55.7,2.6,2.6,53.2,1.7,1.7,54,1.8,2.2,53.8,0,0,53.1,4,4,52.7,1.3,2.2,52.9,0,0,52.7,1.1,1.1,56.5,4,5,55.8,4.3,7.4,40.4,2.8,5,50.5,0.9,1.1,53.1,2.9,3.6,53.6,0.7,1.1,53.1,1.8,2.2,52.2,1.3,1.6,46.8,0,0,54.1,0,0,45,1.1,1.1,53.4,3.1,3.4,56.8,0.9,2.2,55.4,2.2,2.2,46.6,1.8,2.2,53.2,0.2,1.1,56.8,0.9,1.1,55.6,25.1,28,57.6,0,0,54.9,0,0,55,2,8,50,0,0
2025-01-07T08:45:00Z,0,0,0,0,0,0,52.2,1.3,1.6,49.6,0.4,0.9,54.8,2,3,55.4,6.7,9.6,0,0,0,53.2,2.5,2.9,53.4,0,0,54.5,7.8,10.3,52.9,0.9,1.1,49.4,1.1,1.6,55.2,3.1,3.4,49.1,0,0,48.2,0,0,53.6,0,0,53.8,1.3,2.2,48,2,3.4,55.7,5.3,5.8,52.8,1.1,1.1,53.1,1.3,2.2,53.6,0,0,52.8,2,4,52.7,2.2,2.2,52,0,0,52.7,0.2,1.1,55.2,4,4,55.6,6.5,7.4,40.1,4.2,4,50.9,2.2,2.2,53.2,3.6,3.6,53.6,1.6,2.2,52.5,0.9,1.1,52.2,1.6,2.2,46.8,0,0,53.7,0,0,44.2,1.3,2.2,52,2.2,3.4,55.6,1.8,2.2,55.2,1.1,1.1,44.8,0.4,0.7,52.3,0.2,1.1,55.4,0.9,1.1,55,23.9,26,56.7,4.9,5,54.7,0,0,54.7,1,5,49.8,0,0
2025-01-07T09:00:00Z,0,0,0,0,0,0,51.8,2.2,2.7,49.1,0,0,54.3,4,5,54.9,7.2,11.4,0,0,0,53.2,2.5,3.8,53.4,0,1.1,54.1,7.6,10.3,52.5,0.9,1.1,49.5,0.9,1.1,54.9,4,6.9,49.6,1.1,1.1,49.5,0,1.1,52.2,1.6,2.2,53.8,1.1,1.1,48.2,2.2,3.4,55.7,1.5,1.5,52.8,2.2,2.2,52.7,2.9,4.5,53.4,0,0,52.4,3,4,52.3,3.8,4.5,51.4,0,0,52.3,0.9,1.1,56.1,5,5,55.4,4.5,8.9,40.1,3.3,3,50,0.9,1.1,53.2,4.7,5.1,53.1,1.8,2.2,52.3,2.5,3.4,52.1,1.8,2.2,46.8,0,0,53.4,0,0,43.3,1.8,2.2,50.5,1.3,2.2,56.1,5.1,9.2,54.5,5.4,6.9,43.7,1.6,1.6,51.4,0,0,55.9,1.8,2.2,54.9,28,30,56.3,2.9,4,55.2,0,0,54.2,3,3,49.8,0,0
2025-01-07T09:15:00Z,0,0,0,0,0,0,51.1,1.1,1.3,48.2,0.4,1.3,53.8,3,4,54.5,5.8,9.8,0,0,0,53.2,3.1,3.8,52.2,0,1.1,54.1,5.6,8.1,53.8,0.7,2.2,49.7,0.6,1.1,53.8,4,5.8,49.6,1.1,1.1,47.8,0,1.1,52.9,1.6,2.2,53.1,0.2,1.1,48,1.1,1.1,53.9,2.6,2.6,52.7,3.1,3.8,52.7,3.8,4.5,53.4,0,0,51.9,3,4,51.8,1.8,2.2,50.7,0,0,52.3,1.3,2.2,54.9,4,4,55.9,4.9,7.4,39.5,2.8,3,50.4,2.2,3.4,53.2,3.8,4.5,52.5,1.8,2.2,52.5,2,2.2,52.2,1.8,2.2,46.6,0,0,53,0,0,43.5,2.2,3.4,49.1,2.5,3.4,56.3,2.9,4.5,54.9,3.8,5.8,43.1,1.3,1.6,49.6,0.2,1.1,55.9,1.3,2.2,54.5,27.1,32,56.1,2.9,1,55.4,0,0,54.3,4,5,50,0,0
2025-01-07T09:30:00Z,0,0,0,0,0,0,51.4,1.6,1.8,49.1,1.8,2,54,3,4,54.5,6.3,11.6,0,0,0,53.5,1.1,1.6,51.8,0,1.1,54.1,8.5,10.3,52.5,0.9,1.1,49.7,0.8,1.1,53.4,4.9,8.1,49.8,1.1,1.1,50.4,0.7,2.2,50.5,1.6,2.2,51.4,0.9,1.1,47.8,2.2,3.4,55.4,4.4,4.6,51.4,2.2,2.2,53.2,3.6,4.5,53.4,0,0,51.9,3,3,52,2.7,3.4,50.4,0,0,52.5,1.8,3.4,54.5,4,4,55.6,9.2,11.9,39.5,2.3,2,51.3,2.5,3.4,53.1,4.9,4.9,52.9,1.1,2.2,53.1,2.5,3.4,52.5,1.6,2.2,46.4,0,0,52.8,0,0,43.3,1.8,2.2,49.6,2.2,2.2,55.8,2.2,3.4,54.7,3.8,5.8,42.2,0.2,0.7,50.7,0.2,1.1,55.2,1.1,1.3,54.7,33.1,34,55.6,2.9,4,55.4,0,0,54.8,3,6,49.4,0,0
2025-01-07T09:45:00Z,55,3,0,55,3,0,51.4,0.9,1.6,49.5,2,2.7,53.2,4,7,54.5,6.9,10.1,0,0,0,52.7,2.5,2.9,51.4,0,1.1,54,8.3,10.3,52,1.1,1.1,48.9,0.9,1.1,53.2,6,8.1,48.9,1.1,1.1,48,0,1.1,51.1,1.6,2.2,50.9,0.9,1.1,46.9,2.2,3.4,55.5,6.4,6.7,51.2,2.2,2.2,53.2,4.3,5.6,53.4,0,0,51.8,2,3,52.5,3.8,4.5,50.2,0,0,52.7,0.2,1.1,54.3,5,5,56.3,8.9,13.4,38.6,3.5,3,51.4,3.1,3.4,52.7,2.9,3.1,53.1,0.7,1.1,52.2,1.1,1.1,51.8,1.8,2.2,46.4,0,0,52.7,0,0,42.4,1.3,2.2,49.3,2.2,2.2,55.8,2.2,3.4,54.3,1.6,2.2,42.6,0.4,0.7,50,0,0,55.6,1.3,2,54.7,30,34,55,2.9,4,55.3,0,0,54.6,2,6,49.2,0,0
2025-01-07T10:00:00Z,55,0,0,55,0,0,53.1,2.5,2.7,49.5,1.8,1.8,53,2,4,54.7,8.1,14.5,55,0,0,52.4,0.9,1.6,51.6,0,0,53.8,7.6,10.3,55.9,2.2,4.5,50,0.6,1.1,53.4,6.7,9.2,48.9,0,0,47.7,0,0,50,0,0,51.4,0.9,1.1,46.9,0,0,55.4,4.4,4.6,51.8,2,2,53.2,2.9,3.4,54.5,0,0,51.2,3,3,52.9,2.2,2.2,49.8,0,0,52.5,0.4,1.1,54.1,4,4,55.8,11,17.9,38.7,4.2,4,50,2.5,3.4,52.3,3.6,3.8,52.5,0,0,52,1.3,2.2,51.2,1.6,2.2,46.4,0,0,52.7,0,0,41.7,1.8,2.2,51.1,4.5,4.5,55.6,5.1,8.1,54.5,2.7,3.4,43.7,1.8,2.2,51.3,0.7,1.1,55.6,1.8,2.5,54.3,34,36,55,4.9,6,54.5,0,0,55.3,3,7,49.1,0,0
2025-01-07T10:15:00Z,55,0,0,55,0,0,55.6,2.2,2.7,48.9,0.9,1.3,53.7,3,3,54.3,8.5,13.6,55,0,0,52.7,1.8,2.2,50.7,0,0,53.6,8.5,10.3,56.5,2.9,5.8,51.7,0.8,0.8,53.4,6.5,8.1,48.4,0,0,49.5,0,1.1,50,0,0,50.9,1.3,2.2,48.2,1.8,2.2,55.4,5.8,6,53.6,3.5,4.4,53.1,1.8,2.2,55,0.2,1.1,50.9,3,3,55,4.7,6.9,49.3,0,0,52.2,1.1,1.1,54.5,4,4,55.8,8.7,14.8,38.6,2.6,4,49.8,2.2,2.2,51.8,3.4,3.6,52.5,1.1,2.2,51.6,1.3,2.2,50.7,0.9,1.6,46.2,0,0,52.1,0,0,41.5,2,2.2,53.8,6,6.9,55.6,3.4,5.8,55,3.6,4.5,44.2,0.4,0.7,53.1,1.3,2.2,55,1.8,2.2,53.4,36.9,41,54.9,6,6,54.4,0,0,55.6,2,5,48.8,0,0
2025-01-07T10:30:00Z,55,0,0,55,0,0,55.9,3.6,6.3,48.6,0.9,2,53.8,3,5,53.8,10.3,15,55,0,0,53.1,1.6,2.2,50.9,0.7,1.1,54.5,9.4,13.7,56.1,3.4,5.8,52.5,0.4,0.8,53.2,7.8,9.2,48,0.9,1.1,48,0,0,48.9,0,0,50.5,0.7,1.1,50.5,1.8,2.2,55.4,8.5,10,55.7,4.6,5.3,53.2,5.6,7.8,55,0,0,50.6,3,3,56.3,7.4,10.3,48.6,0,0,52.2,0.4,1.1,53.8,2,2,55.9,8.1,14.8,38.2,2.3,2,51.3,2.2,2.2,51.8,2.7,3.1,52.5,2.2,2.2,51.6,0.9,1.1,50.1,0.7,0.7,45.7,0,0,52.3,0,0,41.5,2.2,2.2,54.1,9.6,12.5,55.4,3.4,5.8,54.7,2.9,4.5,44.4,0.9,1.6,53.1,0.9,1.1,55.2,2.2,2.2,53.2,36.9,40,55.2,4,4,54.6,0,0,55.6,2,5,48.3,0,0
2025-01-07T10:45:00Z,55,0,0,55,0,0,57.2,3.1,4.5,48.6,1.1,1.8,54.2,3,5,54,9.4,13.6,55,0,0,53.8,1.6,1.6,50.5,0,0,54.5,9.4,13.7,56.5,3.4,6.9,52.7,0.8,1.1,53.6,6.9,10.3,47.7,0,0,48.4,0.2,1.1,48.9,0,0,52.9,2.5,3.4,51.1,0.2,1.1,54.8,6,6.4,57.2,4.6,5.3,54.9,5.4,5.6,54.7,0,0,50.2,2,3,56.5,6.5,8.1,48.7,0,0,52.2,0.9,1.1,53.8,3,3,55.6,11.9,16.3,37.6,3.3,2,52.2,2.2,2.2,51.4,1.8,2.2,52.5,1.1,2.2,50.7,1.3,2.2,49.7,1.6,2.2,45.5,0,0,52.5,0,0,41.5,2.9,3.4,55.4,8.1,9.2,55.9,6,11.4,55,7.4,11.4,44.7,1.1,1.6,52.3,1.1,1.1,55.2,2.5,3.1,53.6,38.9,41,56.1,4,5,54.5,0,0,55.4,3,2,47.9,0,0
2025-01-07T11:00:00Z,53,0,0,53,0,0,57.6,3.1,4.3,48.6,0,0,54.6,3,5,54,6.9,12.1,54,0,0,53.2,1.6,1.6,50,0,0,54.9,12.3,18.3,56.1,4,8.1,53.2,1.6,1.6,54.5,7.4,11.4,47.7,0,0,47.8,0,0,48,0,0,57,2.2,4.5,51.3,2.9,3.4,55,7.6,9.6,57.5,6.2,6.4,55.8,3.8,5.6,55.8,0,0,50,2,2,57.4,8.5,10.3,50.2,0,0,51.6,0.9,1.1,53.6,6,6,55.6,13,19.2,38.5,4.4,4,52.7,4,4.5,50.7,2,2.5,52.3,1.8,2.2,50.4,0.2,1.1,49.4,2,2.2,45,0,0,52.3,0,0,43.5,2.5,3.4,54.9,6.9,8.1,55.9,3.8,6.9,55.2,7.2,11.4,49.7,0.4,0.7,53.4,2.2,3.4,55.6,3.1,4.3,53.2,40,40,56.1,6.9,7,54.2,0,0,55.7,0,0,47.5,0,0
2025-01-07T11:15:00Z,53,0,0,53,0,0,57.6,2.7,3.4,49.1,0.7,0.9,54.8,4,5,54,7.2,10.7,54,0,0,52.8,2,2.2,49.5,0,0,54.5,10.3,13.7,56.1,4,5.8,53.5,0.8,1.6,54.5,7.8,11.4,46.9,0,0,47.5,0,0,47.8,0.5,1.1,58.8,2.9,4.5,52.9,3.8,4.5,54.8,6.7,7.3,58.1,5.1,6,55.8,3.4,4.5,56.1,0,0,49.5,2,3,57.2,7.8,10.3,50.2,0,0,51.6,1.1,1.1,54.1,5,6,55.2,10.5,16.3,38.3,4,4,53.1,4.5,4.5,50,1.6,1.8,52,1.3,2.2,50.2,1.3,2.2,48.7,1.3,1.6,44.8,0,0,52.1,0,0,48,3.6,4.5,55.2,10.3,12.5,55.9,7.6,10.3,55.2,6.3,8.1,51.1,0.9,2.2,54.1,3.1,4.5,55.4,2.7,3.6,53.8,38.9,44,55.6,6.9,7,54.1,0,0,55.9,0,3,47.1,0,0
2025-01-07T11:30:00Z,53,0,0,53,0,0,59.5,5.6,9.4,49.6,2.7,3.1,55.1,2,4,54.9,13.6,19.5,54,0,0,53.1,2.9,2.9,49.3,0,0,54,9.2,13.7,55.9,2.7,4.5,54.7,0.9,1.6,56.3,9,12.5,46.2,0,0,46.8,0,0,47.3,0,0,59.5,2.5,4.5,53.6,2.7,4.5,55.9,10.2,10.7,59.5,7.6,9.6,55.8,2.2,2.2,57,0,0,48.7,2,3,58.1,6.9,9.2,50.9,0,0,52,2.2,3.4,55,5,5,55,10.5,14.8,37.6,2.8,2,52.7,3.1,3.4,49.6,1.3,2,52.7,2.2,2.2,50.4,1.1,1.1,48.1,2.2,2.9,44.6,0,0,51.9,0,0,53.8,5.8,6.9,56.8,14.5,17.2,56.7,10.1,13.6,56.1,6.5,8.1,53.4,1.3,2.2,54.5,2.2,2.2,56.5,2.7,3.6,54.1,40.9,45,57.2,14.1,14,53.2,0,0,54.7,1,4,46.7,0,0
2025-01-07T11:45:00Z,53,0,0,53,0,0,59.9,3.8,6.3,49.8,0.7,1.6,55.9,4,5,55,15.9,22.6,54,0,0,53.7,1.6,2.2,49.3,0,1.1,52.9,6.5,9.2,56.7,2.5,4.5,55.2,0.6,1.1,55.9,8.5,12.5,46.8,0,0,46.2,0,0,47.7,0,0,60.8,5.1,6.9,54.7,2.2,3.4,56.3,10.9,12.3,60.6,8.9,11.6,55.6,3.4,3.4,58.1,0.2,2.2,48.2,2,2,58.6,9.6,12.5,50.7,0,0,52.7,4.9,6.9,55.6,4,4,54.7,6.5,10.3,38.2,6.8,6,51.8,2.2,2.2,50,2.2,2.5,51.8,1.8,2.2,49.3,1.3,2.2,47.6,1.6,1.6,44.1,0,0,50.9,0,0,55.9,4,6.9,57.7,16.3,18.3,57.2,6.9,12.5,57,7.8,14.8,54.8,5.4,8.1,54.9,3.4,8.1,57,3.8,4,54.1,38,46,58.3,15,18,53.6,0,0,54.3,1,6,46.6,0,0
2025-01-07T12:00:00Z,53,3,0,53,3,0,59.5,3.1,5.6,50.2,1.1,3.1,59.2,6,9,55,12.1,17.9,52,0,0,52.8,2.7,2.9,49.3,0,0,52.9,10.1,14.8,57.2,4.5,6.9,55.5,0.6,0.8,56.3,8.5,13.7,46.4,0,0,46.9,0.2,1.1,46.9,0,0,62.1,3.4,6.9,54.9,3.1,3.4,56.8,11.1,12.9,60.6,7.3,7.8,54.7,2.9,3.4,57.9,0.2,1.1,47.8,2,2,58.3,6.9,9.2,54.5,0.2,1.1,62.1,4,6.9,0,0,0,54.5,7.2,8.9,40,6.5,6,51.6,2.9,3.4,49.6,2.9,3.1,51.8,1.6,2.2,49.5,1.1,1.1,48.5,3.4,3.8,44.1,0,0,50.5,0,0,57.9,5.8,6.9,58.3,17.9,22.8,57.2,11.6,17.2,57.2,11.9,20.6,56.8,4.9,5.8,56.3,4.5,5.8,57,4.5,5.6,54.1,38.9,47,58.5,15,15,53,0,0,54.6,0,2,46.8,0,0
2025-01-07T12:15:00Z,53,3,0,53,3,0,59.7,3.8,7.6,57.6,4.5,8.1,60.2,6,13,55.4,17.7,25.1,52,0,0,55,7.2,11.9,49.5,0,0,53.8,12.1,18.3,57.2,3.4,5.8,55.9,0.5,1.6,55.9,8.7,10.3,46,0,0,46.8,0.2,1.1,46.6,0,0,62.1,5.4,8.1,55.8,3.8,6.9,57,11.1,13.6,60.4,7.8,8.9,52.7,2.2,2.2,57.9,0.2,1.1,47.9,4,5,58.5,11.6,18.3,56.3,0.2,1.1,64.4,15.2,20.6,61.5,14,14,55.2,8.3,11.9,50.1,15.2,12,55.4,5.1,8.1,50,2.5,2.7,52,1.6,2.2,49.3,1.1,1.1,48.7,2.5,2.9,44.2,0,0,50.1,0,0,58.3,6.9,9.2,58.5,22.1,25.1,57.2,7.4,11.4,57.2,7.6,15.9,56.9,4.5,5.8,57.2,4.7,6.9,57,4.3,4.9,54.1,43,47,58.5,13,17,53.1,0,0,58.3,3,16,46.9,0,0
2025-01-07T12:30:00Z,53,3,0,53,3,0,60.8,4.9,11.2,63.1,10.1,22.6,60.9,8,14,55.8,15.4,22.4,52,0,0,60.7,10.3,19.9,48.9,0,0,54,13.7,20.6,57.6,2.2,6.9,57.5,4.9,5.3,57.9,10.5,14.8,46.2,0.7,1.1,48,0.7,3.4,46.4,0,0,63,4.9,10.3,57.7,6,10.3,57.5,16.1,19.9,61.1,9.3,10.7,54,2.9,3.4,59.4,0.4,1.1,47.5,2,5,60.3,11.2,15.9,58.3,1.3,2.2,64.4,12.8,20.6,62.6,16,16,55.6,20.1,28.2,59.1,18.7,15,61.3,4.9,8.1,50.9,3.6,3.8,51.8,1.8,2.2,49.3,2,2.2,48,1.6,2.2,44.2,0,0,50,0,0,57.6,5.4,6.9,58.8,19.2,22.8,57,6,9.2,57.4,5.4,9.2,56.6,5.6,8.9,57.4,4.5,5.8,57.2,3.1,4,54.3,40.9,47,58.3,15,15,53.2,0,0,62,5,20,49,0,0
2025-01-07T12:45:00Z,53,3,0,53,3,0,61.3,8.3,12.5,64,8.5,13.9,62.7,10,15,55.6,17.4,27.1,52,0,0,63.5,17.2,22.8,47.7,0.5,1.1,53.8,15.7,19.5,57.4,3.8,8.1,58.2,2.7,4.5,58.1,8.3,14.8,45.5,0.7,1.1,54.3,2.2,4.5,46.2,0.5,1.1,63.7,6,8.1,58.8,4,6.9,57.9,15.8,19.9,61.8,9.1,11.6,54.1,2.7,3.4,59.9,0.2,2.2,47,6,7,60.4,8.9,13.6,60.6,2.2,4.5,64.2,12.3,15.9,62.6,22,22,55.6,18.3,28.2,60.7,18.9,20,62.4,6,9.2,49.3,2.7,3.4,50.7,1.8,2.2,48.7,1.1,1.1,48.4,1.3,1.6,43.9,0,0,49.6,0,0,57.9,5.8,9.2,59.2,18.8,26.2,57.7,9.2,15.9,58.1,11.2,18.3,57,3.8,5.1,57.4,2.9,3.4,57.6,3.4,4,54.7,48.1,51,58.6,17,17,52.5,0,0,63.4,28,28,57.1,0,0
2025-01-07T13:00:00Z,51,0,0,51,0,0,61.2,4.5,10.7,64.2,10.3,17,62.9,11,13,55.8,16.8,23.9,51,0,0,64.2,15,21.5,47.7,0,0,53.8,12.8,19.5,57.7,3.6,6.9,58.5,2.9,4.5,57.9,11.2,15.9,45.5,0.9,1.1,61.5,3.8,8.1,46.2,0.7,1.1,64,7.8,12.5,59.4,4.7,6.9,57.7,12,15.2,61.8,8,10,53.8,4.7,5.6,60.1,0.4,2.2,47,9,11,60.4,12.3,19.5,61.5,2.5,6.9,64,13.9,19.5,62.2,16,22,55.4,19.7,31.1,61,14.5,15,62.6,2.9,4.5,49.3,3.1,3.4,50.2,1.6,2.2,48.7,2.2,2.2,48.3,2,2.2,43.9,0,0,49.8,0,0,58.8,7.6,10.3,59.2,19.2,23.9,57.9,9.2,13.6,58.1,6.5,11.4,57.5,5.1,10.3,57.7,3.8,6.9,57.9,4.5,5.4,54.7,50.1,51,59,16.1,17,51.8,0,0,63.2,10,26,60.1,2,0
2025-01-07T13:15:00Z,51,0,0,51,0,0,61,3.4,6.3,64,7.4,13,62.8,7,12,55.4,18.1,24.4,51,0,0,64.1,16.6,25.9,48,1.3,2.2,54,13.9,25.1,57.9,4,6.9,58.4,0.7,2,58.1,6,9.2,45.5,0.7,1.1,62.4,3.1,6.9,46.2,0.7,1.1,63.9,7.6,11.4,59.4,2.7,4.5,57.5,9.3,11.1,61.7,8,9.3,53.1,1.6,3.4,60.3,0.9,3.4,47.3,6,11,60.1,8.1,12.5,61.7,2.9,6.9,64,15,23.9,62.2,17,17,55.8,22.1,28.2,61.4,14.7,14,62.8,3.4,6.9,50.4,3.1,3.6,49.8,0.7,1.1,48.6,2,2.2,49.3,2.5,2.9,44.2,0,0,49.4,0,0,58.8,4.7,8.1,58.8,19.9,22.8,57.6,6,9.2,57.6,4,8.1,57.4,3.4,5.8,58.1,4.9,8.1,57.9,3.8,4.9,54.5,44.1,56,59,13,17,52.4,0,0,62.6,3,19,60.9,3,0
2025-01-07T13:30:00Z,51,0,0,51,0,0,60.6,4.5,8.9,64.4,9.6,18.1,62.4,5,12,55.4,17,24.4,51,0,0,64.4,12.3,18.6,47.7,0,0,53.6,14.3,18.3,57.7,2.2,3.4,58.2,2,3.2,57.9,3.4,5.8,44.6,0.7,1.1,61.5,3.8,8.1,46.2,0.7,1.1,64,7.8,12.5,58.5,3.6,4.5,57.2,12.7,13.1,61.5,6.9,7.1,56.1,7.6,10.3,60.1,0.4,2.2,47.2,3,7,59.9,6.7,9.2,61.5,1.3,4.5,64.4,17.9,25.1,62.6,25,25,55.8,18.1,26.6,61.2,26.6,26,62.6,3.4,10.3,50.2,2.7,3.6,49.1,1.3,2.2,48.6,2.2,2.2,49.3,1.1,1.6,44.2,0,0,49.2,0,0,58.5,4.9,6.9,58.8,22.6,26.2,57.2,6.5,8.1,57.4,6.3,10.3,57,2.7,4.5,58.1,3.1,5.8,57.2,4.3,4.7,54.5,43,47,58.6,13,15,53.3,0,0,62.3,5,17,60.8,1,0
2025-01-07T13:45:00Z,51,0,0,51,0,0,61,5.1,12.3,64.6,8.7,17.2,62.2,6,12,55.6,17.2,22.6,51,0,0,64,8.1,13.2,47.8,0,0,54,12.3,14.8,57.6,4.7,5.8,58.4,2.5,2.7,57.9,5.1,13.7,44.6,0.9,1.1,62.1,2.2,4.5,46,0.7,1.1,63.7,9.2,15.9,59.4,4.9,6.9,57,10.2,12.9,61.1,7.3,7.6,59.7,4.7,6.7,60.1,0.4,2.2,46.6,2,4,59.9,8.7,12.5,61.2,2.5,1.1,64.4,21.9,28.6,63,24,24,55.2,10.3,13.4,61.6,18.2,26,62.4,4.3,8.1,50.5,3.4,3.8,48.7,1.3,2.2,48.2,0.9,1.1,48.9,0.9,1.6,44.4,0,0,49.2,0,0,57.6,4,8.1,58.8,15.2,19.5,57,5.8,8.1,57.4,5.4,8.1,57.8,7.8,11.2,57.9,3.1,5.8,57.2,3.1,3.8,54.3,47,49,58.6,19,19,57.3,0,0,62.4,20,18,60.2,2,0
2025-01-07T14:00:00Z,50,0,0,50,0,0,61,4.7,8.3,64.4,9.6,19.7,62,4,10,55.4,19.7,26.4,50,0,0,64,14.3,19.9,48.4,0,0,53.8,13,17.2,57.9,5.8,8.1,58.5,0.9,4.5,57.9,7.6,14.8,44.6,1.1,1.1,62.2,2.2,5.8,46,0,0,63.7,8.1,10.3,59.4,5.1,6.9,57,12.3,13.1,61.3,7.8,9.3,60.3,5.4,6.7,60.3,0.2,2.2,46.6,6,6,59.9,9.8,13.6,60.4,1.3,2.2,64.2,16.6,26.2,63,20,20,55.2,8.1,11.9,61.6,18.7,18,62.6,4,8.1,53.1,7.2,7.6,48.4,0,0,48.4,1.1,1.1,53.4,2.5,3.8,45.5,0,0,49.2,0,0,58.5,4.9,6.9,58.5,14.5,17.2,57,6.7,11.4,56.8,4.5,6.9,58.1,4.3,7.4,57.9,3.8,6.9,56.7,3.6,3.8,54.3,44.1,49,58.5,6.9,12,59.6,0,0,62.7,12,23,59.9,0,0
2025-01-07T14:15:00Z,50,0,0,50,0,0,60.6,2.9,4.5,64.2,8.1,15.4,62.1,4,10,55,17.9,26.2,50,0,0,63.9,13.6,17,50.5,0,2.2,52.3,9.2,12.5,57.9,2.2,8.1,58.4,2.5,6,57.9,7.6,14.8,44.6,1.1,1.1,62.2,4.7,5.8,46,0,0,63.7,8.1,10.3,59.7,4.5,8.1,56.6,10,11.4,61.3,7.8,9.3,60.6,10.5,14.8,60.1,0.7,2.2,46.8,5,8,59.7,8.9,12.5,60.6,0.7,2.2,64,12.3,17.2,63.1,25,25,55.2,9.4,11.9,61.3,19.4,19,62.2,4,9.2,58.8,7.8,9.6,51.3,1.8,2.2,48.6,2.2,2.2,59,3.8,4.5,47.7,0,0,50,0,0,56.7,2.2,2.2,58.1,15.7,19.5,56.8,6.3,9.2,56.7,5.6,6.9,58.5,5.1,5.8,58.5,5.6,6.9,56.7,1.8,2.2,54,44.1,50,58.1,6,6,59.3,0,0,62.3,5,19,60.4,1,0
2025-01-07T14:30:00Z,50,0,0,50,0,0,59.9,3.6,5.4,64,8.5,18.1,62.1,9,12,54.9,17.2,25.5,50,0,0,63.8,13.6,16.3,52.3,0,2.2,52.7,11.4,17.2,57.6,3.6,6.9,58.4,2.5,2.5,56.7,6.5,12.5,44.8,1.1,1.1,62.2,3.4,9.2,57.9,4.7,5.8,62.6,6.5,9.2,60.1,8.1,13.6,56.1,9.8,12.3,60.9,8,8.5,61.5,8.1,10.3,59.7,0.4,1.1,47.2,4,6,59,9.2,11.4,60.6,1.8,3.4,63.9,12.5,15.9,63,27,27,55.2,9.2,13.4,61.1,20.8,21,61.9,4.7,8.1,60.4,10.5,13.2,54.7,2.2,3.4,59.9,6.9,9.2,60.4,5.8,8.1,52,0,0,52.5,0,0,54.7,2.9,3.4,57.9,14.8,19.5,56.3,5.4,9.2,56.7,6,10.3,58.3,5.4,6.7,58.3,4.9,6.9,55.8,2.7,2.7,53.4,45,50,57.2,11,11,62.2,0,0,61.9,6,23,60.6,0,0
2025-01-07T14:45:00Z,50,0,0,50,0,0,59.4,4.3,6,63.7,10.7,17.9,61.9,9,12,54.3,13.9,21.7,50,0,0,64,13.4,22.1,51.1,0,0,52.7,12.5,15.9,57.7,3.4,8.1,57.7,1.1,2,56.8,8.7,12.5,45.1,1.1,1.1,61.9,2,6.9,61,6,9.2,62.4,8.7,12.5,59.4,5.6,8.1,56.3,11.4,13.4,60,8.5,9.8,61.5,11.4,14.8,58.8,0.4,1.1,47.6,5,7,59,11.2,17.2,60.3,1.3,3.4,63.3,15,20.6,63,24,24,55.4,14.1,22.1,60.7,13.8,15,61.7,5.1,9.2,61.3,11.6,15,57.4,4,5.8,60.8,9.2,12.5,61.1,8.1,11.9,54.5,0,0,56.6,0,0,54,3.6,4.5,57.7,17,20.6,56.1,6.9,11.4,56.1,5.6,8.1,57.5,5.4,8.9,57.9,5.4,10.3,55.6,2.7,4,53.1,38.9,46,56.8,15,15,62.6,0,0,61.7,8,24,60.7,6,0
2025-01-07T15:00:00Z,51,5,0,51,5,0,59.2,4.3,6.5,63.5,8.7,16.3,61.5,8,12,54.1,15,22.4,51,0,0,64,12.5,17,50.9,0,0,0,0,0,57.7,4.5,6.9,57.5,2.5,5.6,56.5,4.5,11.4,0,0,0,62.1,3.4,11.4,61.7,5.4,9.2,0,0,0,58.5,3.4,5.8,56.4,11.8,12.9,60,8.7,10.2,61.2,14.1,15.9,58.8,0.2,1.1,47.7,4,7,58.8,10.3,18.3,60.4,1.8,4.5,63.1,18.8,23.9,62.8,19,19,55.4,19,32.7,60.1,12.4,13,61.9,6.5,14.8,61.3,8.5,14.8,58.1,4,6.9,61,8.1,11.4,61.5,4.9,7.4,55.6,0,0,57.7,0,0,54.7,4,4.5,57.9,17.4,23.9,56.3,8.5,12.5,56.5,5.4,10.3,57.5,6.9,8.9,58.5,8.1,12.5,56.1,4,4.7,52.9,34,43,57.6,16.1,18,62.3,0,0,61.6,23,26,60.8,6,0
2025-01-07T15:15:00Z,51,5,0,51,5,0,59.5,4.7,9.4,63.7,9.6,16.6,61.4,5,12,54.3,21.7,25.7,51,0,0,64.1,21.3,30.2,51.6,0.2,1.1,53.4,12.5,17.2,57.9,5.8,10.3,58,2.2,6,56.7,5.8,12.5,46.4,0.2,1.1,62.1,3.6,8.1,60.4,2.7,3.4,63.3,5.6,8.1,59.2,8.7,11.4,56.3,11.4,12.9,60.2,9.6,10.2,61.2,15.2,19.5,59.2,0.2,1.1,47.9,3,7,59.2,11.6,17.2,60.6,2.9,5.8,63.5,15.4,20.6,62.8,14,14,55.6,23.3,34,60.1,11.7,11,62.2,5.8,12.5,61.3,8.9,12.3,56.7,3.4,4.5,61.2,8.3,10.3,61.7,8.5,10.3,57.4,0,0,58.4,0,0,57.9,7.8,11.4,57.7,15.2,22.8,56.7,7.8,11.4,56.7,7.4,10.3,58.1,6,9.6,58.5,4.3,6.9,56.5,4,6.3,52.9,36,49,57.6,14.1,21,62.5,0,0,61.7,18,26,60.8,6,0
2025-01-07T15:30:00Z,51,5,0,51,5,0,60.1,6.7,16.1,64,8.7,13.4,62.5,14,24,55.2,18.3,26.2,51,0,0,65.2,15.2,25.9,54.7,0.7,1.1,54.1,15.2,22.8,58.5,5.8,12.5,59,2.5,7.8,57.4,6.5,12.5,46.9,0.7,1.1,62.4,6,14.8,60.4,5.8,6.9,63.7,7.4,13.6,59.9,6,10.3,56.8,11.4,13.4,60.8,9.6,12.5,61.5,13.9,19.5,60.3,1.8,3.4,48.5,4,5,59.5,15.4,19.5,61.5,2.7,6.9,63.7,18.8,21.7,63.7,20,20,55.8,14.5,25.3,60.3,14,14,62.8,5.4,10.3,62.8,12.5,15.2,55.2,2.5,3.4,61.5,9.4,12.5,62.6,11.9,16.3,59,0,0,59,0,0,58.1,7.4,8.1,57.9,10.7,13.6,57,7.6,12.5,56.7,4.5,8.1,59,9.2,13.2,59,7.8,12.5,56.5,3.4,4.5,53.4,44.1,53,58.1,16.1,18,62.5,0,0,62.1,13,26,61.5,6,0
2025-01-07T15:45:00Z,51,5,0,51,5,0,60.6,5.6,9.6,64.4,8.3,15.2,63.1,8,24,55.8,21.5,29.1,51,0,0,65.7,22.1,28.9,57.7,1.8,5.8,54.9,18.8,26.2,58.6,7.6,10.3,61.5,2.9,3.2,57.9,7.2,11.4,48.7,0,0,62.8,7.4,14.8,62.1,5.6,6.9,64.6,6.5,10.3,60.1,6,9.2,57.2,15.4,19.6,61.7,9.6,12.7,62.2,21.3,30.9,61,2.7,5.8,51,3,4,60.4,12.3,15.9,62.1,3.4,6.9,64.4,18.8,21.7,64.6,20,20,56.5,22.1,31.1,61.2,19.4,19,63.1,5.6,11.4,63.9,19,22.6,58.5,3.8,5.8,63.3,14.5,18.3,63.4,10.1,17,60.1,0,0,61.1,0,0,58.6,6.7,10.3,58.5,17.9,23.9,57,15.4,21.7,57.4,7.6,14.8,59.2,9.2,11.9,59.2,6,10.3,56.8,3.6,4.9,53.4,51.9,55,59,34,34,63.4,0,0,62.5,25,21,62.3,6,0
2025-01-07T16:00:00Z,50,0,0,50,0,0,61,3.4,7.6,64.6,5.8,11.2,63.7,10,27,56.1,21,28,51,0,0,65.8,16.3,23.7,60.6,1.3,3.4,55.2,21.5,32,59,6.9,14.8,63,1.7,3.5,58.8,6.5,11.4,56.3,1.8,3.4,62.8,3.4,9.2,64.4,11,15.9,65.3,14.5,20.6,60.6,7.4,12.5,57.5,14.9,17,62.7,8.9,11.4,63.1,24.6,33.3,63.9,2.7,4.5,52.8,4,6,60.8,12.5,18.3,62.6,5.8,9.2,64.4,10.3,18.3,64.4,28,28,56.7,25.9,32.7,62.5,16.3,19,63.7,3.4,5.8,64.8,16.3,23,63.7,9.8,15.9,64.2,17.9,26.2,64.6,11.2,14.8,61.9,0,0,62.2,0,0,59.5,7.2,12.5,58.6,17.9,23.9,57.4,13.6,20.6,57.7,8.1,11.4,59.2,6.9,8.1,59.5,8.7,12.5,57.9,5.6,7.6,53.8,53.9,57,59.5,23,23,63.9,0,0,63.4,2,27,63.2,5,0
2025-01-07T16:15:00Z,50,0,0,50,0,0,60.8,3.8,7.6,64.9,9.6,17.9,63.9,14,23,56.1,26.8,44.5,51,0,0,65.3,17.4,27.3,62.6,2.5,5.8,55.9,18.1,25.1,59.2,5.4,11.4,61.2,1.1,2.7,58.3,6.3,12.5,62.2,4.5,10.3,63.5,6,12.5,64.6,8.1,12.5,65.3,11.9,19.5,60.1,7.6,13.6,57.5,13.6,16.1,63.3,10,12.9,63.7,21.7,26.4,64.2,0.9,3.4,57.5,5,12,61,14.8,20.6,63,4.5,8.1,64.6,10.1,18.3,63.9,33,33,56.7,29.8,41.6,62.6,18.7,19,64.4,11.6,20.6,65.1,17.9,21.3,64.4,10.3,14.8,64.8,16.3,22.8,64.8,7.6,12.5,62.8,0,0,62.7,0,0,60.1,6.7,9.2,58.8,19.7,27.3,57.4,11.9,15.9,57.9,13.2,18.3,59.3,6.3,8.9,59.5,10.1,14.8,59.2,5.6,8.7,53.8,53.9,62,59.9,25.9,26,64.4,0,0,63.7,18,28,63.8,6,0
2025-01-07T16:30:00Z,50,0,0,50,0,0,60.4,6.3,9.6,64.9,10.1,16.1,63.3,16,25,56.1,25.5,43.8,51,0,0,64.9,16.6,22.1,63.3,2.5,3.4,56.7,15,18.3,58.8,6.5,10.3,59.7,1.7,3.5,57.9,2.5,8.1,62.6,3.8,4.5,63.5,4.5,13.7,64.8,10.7,12.5,66,8.3,14.8,60.1,4.9,9.2,57.5,13.1,15.4,63.1,9.6,10.7,63.7,28,33.3,61.5,2,4.5,62.2,9,13,60.4,14.8,21.7,62.6,4,9.2,64.9,17,25.1,63.7,30,30,57,33.3,49,62.9,19.8,19,64.4,5.8,12.5,65.1,19.2,24.8,64.4,11.2,17.2,64.8,17,21.7,64.8,10.5,15.4,62.8,0,0,63.1,0,0,61,8.9,11.4,58.8,20.8,30.9,57.4,11.9,17.2,58.1,8.5,13.6,59.7,11.2,14.8,59.5,8.1,11.4,59.5,4.7,6.7,53.8,57,67,59.9,19.9,26,64.4,0,0,62.9,5,35,63.2,5,0
2025-01-07T16:45:00Z,50,0,0,50,0,0,60.3,4.3,11.6,64.9,8.3,17,63.2,10,25,55.8,21.3,34,51,0,0,65.4,12.8,20.6,63.7,2.5,11.4,56.7,17.9,33.1,58.8,4.9,8.1,60,3.9,8.1,57.9,1.6,9.2,56.3,1.8,3.4,62.8,3.4,9.2,64.8,9.6,11.4,66.9,4.5,6.9,60.1,4.7,8.1,57.5,19.6,23,61.8,8.9,10.2,63.5,20.6,25.3,61,2.5,5.8,63.5,10,17,60.3,16.8,20.6,62.4,5.1,8.1,64.9,17.9,30.9,65.3,32,32,57.6,25.1,34,63.4,25.2,25,63.1,7.4,13.6,64,20.1,24.4,64.2,11.4,22.8,64,15.9,20.6,64.1,14.1,19.9,62.2,0,0,63.1,0,0,61,8.5,11.4,58.6,23.7,30.9,57,12.3,20.6,57.7,8.9,14.8,59.1,7.8,13.2,59.2,10.3,15.9,58.8,4.3,6,53.4,57,66,59.2,16.1,20,64.3,0,0,62.6,10,32,62.9,3,0
2025-01-07T17:00:00Z,52,3,0,52,3,0,60.1,4.7,9.2,65.3,8.9,13.6,63.3,13,21,55.8,20.6,28.6,52,0,0,66.7,19,25.9,63.9,4,8.1,56.8,18.8,25.1,58.8,7.4,10.3,60.7,2.9,4,58.1,6.9,14.8,64.2,5.8,10.3,63.1,6,18.3,64.9,11.2,19.5,66.9,9.4,14.8,60.4,6.5,10.3,57.5,28.1,39.3,61.7,11.1,13.4,63.1,18.1,22.8,61.7,3.8,10.3,63.9,13,19,60.1,16.3,23.9,62.4,4.9,8.1,65.7,13,23.9,65.1,33,33,57.6,28,50.3,63.2,33.3,33,63,6.9,17.2,64.6,17.2,19.5,64.6,12.3,18.3,64.6,16.8,23.9,64.8,8.9,14.8,62.4,0,0,63.6,0,0,61.9,10.3,14.8,58.6,27.1,30.9,57,11,21.7,57.9,9.2,17.2,59.4,7.4,11.9,59.2,9.6,13.6,59.4,5.8,6.7,53.2,48.1,61,59.5,16.1,21,64.4,0,0,62.3,26,36,62.8,2,0
2025-01-07T17:15:00Z,52,3,0,52,3,0,59.9,6.5,12.5,65.1,8.1,24.4,63.6,20,27,55.8,24.6,50.6,52,0,0,67,19.9,35.3,64,6,9.2,56.8,17.5,25.1,59,8.7,15.9,64.4,5.1,7.8,58.1,9.2,22.8,65.3,4.5,6.9,63.1,8.1,17.2,65.1,14.3,18.3,67.1,9.4,15.9,60.8,8.7,13.6,57.3,20.3,32.6,62.2,9.6,11.6,63.3,18.8,26.4,62.8,2.7,4.5,64.4,13,27,60.1,17,21.7,62.8,4.7,9.2,65.5,12.1,21.7,65.8,30,31,56.8,30.2,46.1,62.7,30.8,33,63.5,7.4,17.2,65.3,21.7,23,65.3,12.3,20.6,65.3,13.7,22.8,65.7,7.6,14.8,63.5,2,2,65.4,0,0,61.5,14.3,17.2,58.6,30,35.3,57.2,11,20.6,58.1,10.5,20.6,60.1,10.5,13.2,59.4,9.4,14.8,60.1,3.6,6.7,53.1,55.9,63,60.1,28,28,64.5,0,0,62.2,14,40,63.4,5,0
2025-01-07T17:30:00Z,52,3,0,52,3,0,59.7,5.1,10.5,64.8,10.5,22.8,63.8,15,30,55.6,24.2,36,52,0,0,67.6,18.1,27.3,65.1,3.8,13.7,56.8,18.8,25.1,58.8,10.5,14.8,64.5,2.9,5.3,58.1,6.9,14.8,65.7,6.5,12.5,62.4,7.8,18.3,65.8,13.2,19.5,66.2,7.6,17.2,60.8,13,19.5,57.2,22.5,34,62.2,12.3,14.5,63.5,32.4,36.7,63.5,3.4,8.1,65,16,27,60.1,13.9,18.3,62.8,5.4,9.2,65.1,13.9,23.9,66.6,25,25,57.2,26.8,46.1,62,24.7,27,63.1,6.5,20.6,65.1,20.6,26.4,65.7,12.8,18.3,65.3,16.6,21.7,65.4,10.1,17.7,63.5,2,2,67.4,0,0,61.5,8.3,12.5,58.6,31.1,40,57,10.3,18.3,58.5,11.6,23.9,60,5.8,8.9,59.2,10.7,18.3,60.3,5.8,8.3,52.9,55,64,59.7,23,27,64.6,0,0,61.8,23,39,63.3,1,0
2025-01-07T17:45:00Z,52,3,0,52,3,0,59,4.3,8.1,65.1,8.9,13.2,63.2,14,30,55,17.4,38.5,52,0,0,67.3,22.8,29.5,66.7,3.6,8.1,57.4,19.5,29.8,58.3,6.3,14.8,61.5,5.4,13.6,57.4,5.4,13.7,66.2,4.7,6.9,62.1,2.2,9.2,65.7,7.6,10.3,66.6,11.6,17.2,60.1,8.7,14.8,57.2,20.5,25.7,61.8,13.6,17.4,63.7,29.3,36.7,62.6,4.7,9.2,65.6,20,25,59,12.8,18.3,62.8,7.8,14.8,65.8,15.7,28.6,66.6,27,27,57.6,26.4,41.6,62.7,27.3,28,63.3,5.8,14.8,64.4,19.2,25.7,65.8,14.8,23.9,65.3,20.6,32,64.9,10.3,16.3,64.2,9,9,67.6,0,0,61.2,9.6,17.2,58.3,25.9,34.2,57,12.1,15.9,58.6,9.4,17.2,60.6,8.9,13.2,58.6,9.2,13.6,59.9,5.6,8.1,52.7,66,72,59.5,25.1,33,64.5,0,0,60.9,15,37,62.8,1,0
2025-01-07T18:00:00Z,57,3,0,57,3,0,59,6.3,12.3,65.1,8.7,15.9,62.7,12,31,54.9,19.9,32,57,0,0,67.3,16.1,22.1,67.1,6.9,10.3,57.6,19.5,30.9,57.7,9.2,15.9,61,2.9,5.3,57.7,6.9,15.9,67.5,6.5,10.3,62.1,7.4,14.8,65.8,17.7,22.8,66.2,9.2,12.5,60.3,6.9,10.3,57.3,13.1,15.4,61.3,9.1,11.8,63.3,30,38.9,61.3,3.4,6.9,65.9,22,27,60.1,13.6,20.6,62.1,5.6,13.6,65.7,15.7,23.9,66.7,39,39,57.9,25.1,44.5,62.7,29.1,29,63.3,4.9,9.2,63.9,25.7,28.6,65.5,14.3,22.8,64.6,24.2,32,64.3,13.9,18.6,64,7,9,66.5,0,0,61.7,12.3,14.8,58.5,22.6,28.6,57.7,10.3,20.6,58.8,9.2,15.9,61.6,7.6,10.3,59.4,7.8,10.3,60.3,4.5,8.1,52.3,61.1,67,59.9,21.9,26,64.2,0,0,61.3,11,29,62.5,4,0
2025-01-07T18:15:00Z,57,3,0,57,3,0,59.2,5.1,8.3,65.1,8.9,19.9,63.2,15,26,55.8,20.8,33.6,57,0,0,68,23.5,36.9,67.1,4.9,18.3,57.9,22.4,33.1,59.7,7.2,15.9,61.7,3.7,6,58.3,2.2,9.2,66.6,4.9,9.2,63,6.9,12.5,65.8,20.6,26.2,66.2,9.8,13.6,60.8,8.1,12.5,58.1,12.3,14.7,62.4,8.9,10.2,63,24.4,30.9,61.7,4.9,9.2,65.9,16,31,62.6,9.6,15.9,62.2,5.8,10.3,65.8,13.6,22.8,66.7,25,25,58.8,28.2,40,62.5,35.2,35,66,4.5,8.1,64.6,19.5,27.7,64.8,12.1,18.3,64.4,18.8,27.3,64.8,10.1,14.8,63.7,6,6,64.5,0,0,61.9,11.9,18.3,59.5,15.9,21.7,58.3,11.6,15.9,59.5,11.9,18.3,62.3,8.9,11.9,60.1,8.3,12.5,62.2,6.3,9.6,52.9,60,67,61,28,29,64.1,0,0,62.5,4,27,62.9,4,0
2025-01-07T18:30:00Z,57,3,0,57,3,0,59.4,4.7,11.6,65.5,9.8,20.4,63.2,9,26,56.3,15.9,24.6,57,0,0,68.6,15.9,21.5,66.7,5.4,17.2,58.5,23,34.2,60.1,7.2,11.4,61.7,1.7,4.5,58.1,4.5,11.4,67.3,4.5,8.1,63.9,5.8,10.3,66.2,14.3,15.9,65.8,11.4,21.7,60.6,6,10.3,58.4,17.4,20.3,63.1,11.4,13.6,63.1,22.1,25.3,62.1,3.4,5.8,66.1,28,31,62.6,14.3,19.5,62.6,4.5,11.4,66.6,15.2,22.8,68,26,26,59.7,22.1,34,64.5,21.2,35,67.1,5.4,10.3,66,16.8,25.1,65.7,12.1,21.7,65.8,17.5,20.6,66.2,10.3,14.1,64.6,7,7,65.3,0,0,62.6,8.1,12.5,60.3,14.8,22.8,59.2,11.2,20.6,60.8,11.2,21.7,63.1,14.8,22.8,60.8,6.9,10.3,63,4.9,7.4,53.4,57.9,64,61.5,28,28,64.7,0,0,63.5,8,26,64,8,0
2025-01-07T18:45:00Z,57,3,0,57,3,0,59.9,4.7,11.2,66.6,10.1,17.2,63.7,21,26,57.6,13.6,19,57,0,0,69.4,17,29.5,67.1,6.9,10.3,59,14.3,18.3,60.8,4.5,8.1,63.5,3,3.5,59.9,8.1,12.5,66.9,2.2,3.4,64.2,4.9,12.5,66.2,12.8,15.9,68.5,8.3,14.8,62.6,8.5,11.4,59.1,20.5,31.3,63.3,12.3,15.2,63.3,20.1,29.8,62.2,3.6,5.8,66,31,31,62.6,14.8,25.1,62.8,7.4,12.5,67.1,13.2,29.8,68,27,27,59.2,22.8,35.6,64.8,24,24,68.2,7.6,13.6,65.8,16.3,18.6,65.8,10.5,18.3,65.7,16.1,18.3,66.3,11,18.6,65.1,4,4,65.3,0,0,63.9,10.7,15.9,60.8,25.1,33.1,59.5,13.2,18.3,61.5,10.5,19.5,64.2,8.9,14.8,61.7,7.4,12.5,63.9,6.3,8.1,54.7,51,63,61.3,23,29,64.7,0,0,64,14,30,64,6,0
2025-01-07T19:00:00Z,65,10,0,65,10,0,61,5.4,10.1,67.5,8.1,12.1,64.6,17,25,58.1,12.8,16.8,65,0,0,71.1,18.3,29.5,67.8,5.8,10.3,0,0,0,62.2,6,10.3,66,2.2,4,61.5,3.8,19.5,67.6,3.4,5.8,64.6,7.6,18.3,0,0,0,69.4,8.1,13.6,63.5,6,8.1,59.5,15.8,21.2,63.8,9.1,11.4,63.7,20.6,26.4,65.5,2,3.4,66.9,22,31,63,11.6,20.6,63.7,5.4,12.5,67.8,11.4,22.8,68.7,33,33,60.6,20.8,28.2,65.7,24.5,24,68.2,5.1,9.2,66.6,18.3,22.4,66.9,7.6,12.5,66.6,12.3,17.2,66.9,8.7,17,65.3,6,6,65.4,0,0,64,10.1,13.6,61.5,23,35.3,59.9,13,18.3,61.5,10.1,19.5,64.5,13.4,22.1,62.2,9.8,13.6,64,4,7.2,55,50.1,56,62.1,19.9,20,65.4,0,0,64.4,7,25,64.5,5,0
2025-01-07T19:15:00Z,65,10,0,65,10,0,61.2,4.7,8.3,67.5,7.8,18.1,65.3,12,25,58.8,10.5,19.2,65,0,0,71.6,17.4,19.9,69.6,5.8,15.9,59,24.6,33.1,63,5.8,10.3,66,2,4,63.1,4.5,10.3,68.9,6.3,9.2,65.7,7.4,18.3,68.2,15,21.7,69.8,10.5,13.6,62.8,5.4,8.1,60.2,16.5,20.8,66,8.5,9.3,64.4,19.7,26.4,66.4,2.2,5.8,68,21,28,64.6,11.4,15.9,64.6,5.1,9.2,68.4,11.9,22.8,69.4,25,25,61.7,25.7,35.6,66.1,24,24,68.5,6.9,12.5,67.3,18.8,25.7,67.6,8.1,12.5,67.8,12.8,18.3,67.9,10.5,15.4,66.6,7,7,66.3,0,0,65.3,7.4,11.4,62.1,28.9,35.3,61,11,18.3,62.4,11.9,17.2,65.2,13.6,19.9,63,9.6,21.7,64.8,6.9,9.8,55.8,46.1,54,62.6,25.9,26,66.4,0,0,65.4,22,36,65.5,4,0
2025-01-07T19:30:00Z,65,10,0,65,10,0,61.9,6.5,11.2,67.8,9.8,19.2,66.5,15,17,59.7,10.3,13.4,65,0,0,71.4,16.1,22.1,69.3,4.9,14.8,59.4,21.5,28.6,63.5,7.6,11.4,69.4,2.2,6,63.1,7.6,14.8,69.3,7.6,12.5,66,5.8,10.3,67.8,11,17.2,70.3,8.3,12.5,64.8,5.6,11.4,60.4,16.7,22.5,67.2,9.1,10.7,65.3,19,22.8,68.4,2,5.8,68.1,18,30,65.1,12.1,15.9,65.3,5.4,11.4,68.5,14.1,21.7,70.3,26,26,61.2,24.8,31.1,66.3,26.1,28,68.7,7.8,13.6,68,15.2,20.4,68,10.1,14.8,67.6,17.2,22.8,68,11,17,67.5,5,5,66.9,0,0,65.5,11.6,17.2,62.4,29.1,35.3,61,17.4,28.6,62.8,11.6,18.3,65.8,8.5,15.4,63.7,10.7,15.9,64.4,4.9,6.7,56.1,55,58,63,23.9,25,66.5,0,0,65.8,14,27,66.3,4,0
2025-01-07T19:45:00Z,65,10,0,65,10,0,62.2,5.4,10.5,68,7.8,16.3,66.5,12,18,60.1,11.9,21.7,65,0,0,69.2,14.5,18.6,70.2,7.8,12.5,59.7,23.9,34.2,63.9,5.6,10.3,72.5,1.7,3.2,63.3,8.5,15.9,70.2,6,10.3,66.4,8.1,17.2,69.4,9.8,12.5,69.4,9.6,14.8,66,6.9,10.3,60.8,19.2,27,68,8.9,10.7,66,17.4,22.8,69.1,4.7,6.9,68.6,19,26,66.7,15.2,21.7,65.3,4.5,8.1,69.1,13,20.6,69.8,22,22,61.2,28,42.9,66.7,27.7,28,69.4,4.9,6.9,68.7,16.8,21.7,68.9,10.1,15.9,68.5,17,21.7,68.7,8.7,13.2,70.5,5,5,67.4,0,0,66,8.9,15.9,62.8,28.2,36.5,61.2,13,22.8,63.5,9.2,15.9,66.4,9.4,14.1,64.2,11.6,17.2,64.2,6.3,7.6,56.5,46.1,52,63,23.9,24,67.3,0,0,66.3,15,25,67.6,2,0
2025-01-07T20:00:00Z,69,23,30,69,23,30,63.1,8.3,13.6,68.2,7.6,13.9,67,11,19,60.1,9.8,21.3,69,10,22,69.1,13.9,17,70.5,5.6,15.9,60.6,16.6,26.2,64,5.8,10.3,73.5,2.9,4.5,63.9,9,17.2,71.4,4.9,8.1,66.7,6.3,12.5,69.4,10.5,15.9,0,8.7,10.3,66.7,7.6,10.3,61.1,16.5,18.7,69.2,8.7,10.7,66.4,19,21.7,69.8,2.5,6.9,69,23,28,66.2,15.4,26.2,65.7,5.1,9.2,69.4,15,27.3,67.1,22,22,61.7,26.2,38.5,67.2,27.7,31,70.7,6,9.2,69.1,20.1,24.8,68.9,9.8,15.9,68.5,15.2,20.6,68.7,9.8,14.1,74.7,4,4,68.1,0,0,66.2,8.1,10.3,63.5,22.6,28.6,61.2,9.8,19.5,64,8.9,14.8,67.1,9.4,14.8,64.2,6.7,12.5,64.6,3.6,5.4,57,45,55,63.1,19.9,21,68.1,0,0,66.6,23,33,68.1,0,0
2025-01-07T20:15:00Z,69,23,30,69,23,30,63.1,8.1,17,69.1,7.2,10.1,68.3,5,17,60.3,12.8,18.3,69,10,22,69.4,12.8,17.7,70.5,6.9,14.8,60.8,18.6,30.9,64.2,6.7,14.8,74,2.9,4.9,64.4,17,19.5,70.3,4.3,6.9,67.5,4,10.3,70,17.5,25.1,0,10.1,14.8,67.8,6.5,10.3,61.7,15.6,19.9,69.6,9.8,11.1,66.9,16.6,22.8,70.3,1.1,3.4,69.4,26,29,66.6,13.6,21.7,66.2,5.4,9.2,70.3,12.1,19.5,69.4,26,26,62.2,18.6,32.7,67.2,35.7,35,71.1,4.7,6.9,69.8,13,17.4,69.6,7.4,12.5,69.6,15.2,20.6,69.2,7.2,10.3,77.5,7,7,68.7,0,0,66.4,7.8,11.4,63.9,28.6,38.7,61.9,9.2,18.3,64.8,13.2,18.3,68.3,9.8,12.5,64.2,8.9,14.8,64.8,5.4,6.5,57,57.9,63,63.9,23,23,68.6,0,0,66.9,8,40,68.8,4,0
2025-01-07T20:30:00Z,69,23,30,69,23,30,63.9,6.9,13.2,69.4,9.6,18.6,68.3,12,22,60.6,17.2,24.6,69,10,22,71.9,17.9,25.1,70.9,7.4,12.5,61,19.9,29.8,64.4,6.5,11.4,74.8,2.7,4.9,65.1,9.2,14.8,71.1,5.6,11.4,67.6,2.5,6.9,70.9,11.4,18.3,0,11.6,18.3,69.1,4.7,9.2,62.4,20.3,22.5,69.6,6.4,7.1,67.6,15.7,25.3,70.3,1.3,3.4,69.7,21,29,67.5,15.7,22.8,67.1,4.9,9.2,69.8,13.2,21.7,70.9,25,25,64,16.6,26.6,67.5,28.9,35,69.8,8.3,11.4,70.5,13.2,17.4,70.2,8.3,13.6,70.7,11.4,18.3,70.1,6,10.3,78.6,4,4,68.9,0,0,67.6,11.4,18.3,64.2,23.7,28.6,62.2,10.1,17.2,65.3,11.2,15.9,67.9,6.7,9.6,64.8,9.8,17.2,66,3.8,7.2,57.7,53.9,62,64.2,23,23,68.9,0,0,67.4,1,29,68.9,0,0
2025-01-07T20:45:00Z,69,23,30,69,23,30,64.2,6,8.9,68.9,8.1,18.3,69.3,11,19,60.6,16.1,23.7,69,10,22,72.1,14.3,18.6,72.3,5.4,10.3,61.2,16.6,29.8,65.7,4.7,9.2,75.6,2.2,3.5,65.8,7.6,17.2,71.1,4.5,6.9,68.4,2.9,6.9,71.1,13.7,17.2,0,9.2,15.9,69.1,6.9,10.3,62.6,16.1,19.6,70.1,9.3,11.8,68.4,13.9,17,71.6,1.1,3.4,70.3,13,28,66.9,18.6,25.1,67.3,2.5,4.5,70,14.1,22.8,71.6,19,19,64.6,18.1,29.8,67.7,32.2,32,69.4,7.2,9.2,71.1,9.8,13.6,71.1,6.9,10.3,70.9,11.6,18.3,70.4,6.5,11.2,78.6,4,4,69.4,0,0,68,12.1,14.8,64.4,26.2,36.5,62.8,9.8,17.2,66.7,8.9,12.5,68.2,9.2,14.1,65.5,7.4,12.5,66.4,3.6,4.9,58.3,47,48,64.2,19,22,69,0,0,67.9,8,27,69.7,1,0
2025-01-07T21:00:00Z,71,14,29,71,14,29,64.8,5.6,8.7,68.9,5.8,12.3,69.7,10,19,61.2,15,21.5,71,6,20,73.7,9.8,13.2,72.7,5.1,12.5,61.2,13,17.2,65.8,8.7,11.4,75.9,2.2,3.2,0,0,0,71.4,3.1,5.8,69.3,7.8,12.5,71.8,7.4,9.2,0,2.2,3.4,69.6,6.9,9.2,62.9,15.8,20.1,70.1,9.1,11.4,68.9,11.9,15.9,71.8,1.6,4.5,70.7,22,25,67.5,14.3,20.6,68,3.8,6.9,71.4,9.2,14.8,73,14,19,64.4,25.5,37.1,68.5,31.2,32,70.9,6.5,11.4,71.6,18.1,24.8,71.2,7.4,12.5,72.5,10.5,14.8,71.1,8.9,13.2,79,5,5,69.8,0,0,67.8,9.6,12.5,64.6,22.1,27.3,63,10.7,17.2,66.6,12.8,20.6,67.9,5.8,9.6,65.5,8.1,12.5,66.7,5.4,6.3,58.1,40.9,49,64.6,13,15,69.2,0,0,68.4,6,30,69.9,1,0
2025-01-07T21:15:00Z,71,14,29,71,14,29,64.8,8.3,14.3,70.2,5.4,11.9,70.1,11,23,61.5,12.5,22.8,71,6,20,74.1,13,18.6,73.8,2.5,5.8,61.9,10.5,15.9,65.5,7.2,11.4,73.9,4,6.5,65.7,7.6,17.2,72.1,6.7,10.3,69.6,4,10.3,72.1,6.7,8.1,0,5.6,8.1,69.8,8.9,19.5,62.7,16.1,18.1,69.8,10,13.8,69.3,16.3,22.8,72.5,2.2,4.5,71.1,22,28,68.5,10.7,18.3,68.2,6.9,9.2,71.8,11.2,17.2,73.6,16,16,64.4,26.8,38.5,68.4,29.8,31,71.2,9.6,17.2,72.1,15,24.8,70.5,7.4,11.4,71.6,17.2,26.2,71.2,7.6,11.9,80.1,2,2,70.7,0,0,67.8,8.9,12.5,64.6,22.6,27.3,63,9.2,15.9,66.6,9.8,13.6,67.8,9.4,14.1,65.7,8.1,14.8,66.4,4,6.5,58.3,51.9,52,64.8,15,19,70,0,0,68.4,7,35,70.4,5,0
2025-01-07T21:30:00Z,71,14,29,71,14,29,64.6,6.7,13.4,68.9,5.8,12.3,69.6,16,23,61.2,13.9,22.8,71,6,20,74.9,12.3,17.7,73.6,4.9,13.7,61.9,17.9,22.8,65.3,8.7,12.5,73.6,4,8.1,65.3,9.6,15.9,72.3,4.5,11.4,69.4,6.3,17.2,72.7,10.1,12.5,0,12.1,20.6,69.6,11.9,18.3,62.9,13.4,16.1,69.8,9.1,11.1,69.3,19.9,25.3,70.2,5.6,12.5,71.5,24,28,68.5,10.7,17.2,68,4.5,10.3,72.3,13.2,21.7,72.7,14,14,63.5,23.3,31.1,68.6,23.1,23,71.4,13,19.5,71.8,22.8,24.6,70.7,11,15.9,71.6,19.5,26.2,71.5,10.5,15.4,79.5,7,7,70.7,0,0,68.2,10.1,14.8,65.7,16.3,21.7,62.8,8.3,14.8,67.3,6.5,11.4,68.2,6.3,9.6,65.5,7.4,12.5,66.2,4,6.3,58.3,57.9,58,64.6,21.9,22,70.7,0,0,68.8,3,29,70.1,4,0
2025-01-07T21:45:00Z,71,14,29,71,14,29,64.4,7.8,17.4,68.9,5.8,12.3,69.4,16,26,61.5,15.2,20.8,71,6,20,74.9,13.6,17.7,72.1,3.6,12.5,61.2,18.6,26.2,65.5,4,9.2,72.5,3.9,7.8,64.6,6.3,17.2,72,7.4,11.4,69.3,2.7,6.9,72.7,13.2,17.2,0,3.4,5.8,68.7,8.3,12.5,62.9,16.7,20.5,69.2,10.7,12.5,69.3,24.8,33.3,69.4,3.1,6.9,71.2,24,30,67.5,12.5,15.9,67.8,6.3,13.6,71.6,16.8,19.5,72,24,24,63.5,20.4,40,68.8,26.1,26,71.2,6.9,15.9,71.2,17.7,26.6,70.7,13.6,22.8,70.9,19.5,25.1,70.7,9.8,14.1,77.7,9,9,70.3,0,0,69.3,8.1,10.3,65.5,28.6,35.3,63.1,11.2,17.2,67.5,11.2,20.6,68.9,6.3,8.9,66.4,8.7,14.8,66.9,5.1,6.7,58.5,47,52,64.8,23.9,24,70.5,0,0,68.1,2,40,69.9,1,0
2025-01-07T22:00:00Z,71,14,26,71,14,26,64.6,7.8,13.2,70.7,5.8,9.6,69.5,20,22,61.7,17.9,25.3,74,0,0,74.9,17.7,29.5,73.2,8.5,12.5,61.3,19.5,29.8,66.2,5.8,8.1,72.5,2,3.2,65.1,9.8,14.8,71.8,4.7,8.1,68.9,4.9,9.2,73,15.2,22.8,0,11.4,13.6,69.4,8.5,12.5,62.7,19,20.5,68.9,13.4,18.1,69.3,17.9,22.8,68.4,3.8,5.8,71.4,16,25,67.3,13.4,20.6,68,7.4,11.4,72,12.8,19.5,72.5,22,22,63.3,17.2,31.1,68.8,25.4,26,70.7,6.9,14.8,71.1,22.8,27.7,70.2,14.3,25.1,70.9,17.2,21.7,70.6,10.5,17.7,78.6,0,0,70.1,0,0,68.5,8.3,14.8,64.6,27.3,30.9,63.1,12.3,21.7,66.4,13.6,19.5,68.4,8.9,12.5,66.4,7.2,13.6,66.4,5.8,8.5,58.8,51.9,55,64.8,17,24,69.8,0,0,68.3,13,31,69.9,6,0
2025-01-07T22:15:00Z,71,14,26,71,14,26,64.6,3.6,13.2,70.7,7.2,11,69.2,14,26,61.5,18.6,25.1,74,0,0,74.4,15,21.5,72.5,6.9,15.9,61,14.1,20.6,65.1,6.9,14.8,72.8,5.1,9,64.9,5.4,17.2,71.4,7.6,14.8,68.9,4.9,12.5,71.8,9.6,13.7,0,4.7,9.2,68.9,12.1,17.2,63.1,15.8,18.1,68.3,11.4,14.7,69.3,19.7,27.5,68.9,4.9,9.2,71.3,25,32,68.4,19.9,26.2,68,4.7,10.3,72.1,11.2,17.2,72.1,22,22,63.9,17.4,26.6,68.7,28,25,72,10.1,23.9,70.9,17.2,25.1,70,15.2,22.8,71.2,19,23.9,70.5,13.9,19.9,77.7,0,0,70.1,0,0,68,8.9,13.6,65.1,20.4,26.2,62.4,11.2,15.9,66.6,7.2,11.4,68.2,12.1,14.8,65.8,8.3,12.5,66.2,4.5,5.8,58.5,53,61,64.2,25.9,26,70.1,0,0,68,16,32,69.7,4,0
2025-01-07T22:30:00Z,71,14,26,71,14,26,64.8,8.9,13.9,70.9,6.9,13.6,69.2,11,26,61.3,13.2,19.7,74,0,0,73.5,10.1,12.5,71.4,5.8,14.8,60.8,20.4,29.8,64.9,4.9,11.4,71,5.1,5.6,64.8,9.8,21.7,71.4,5.8,8.1,68.9,5.8,8.1,72,9.6,14.8,0,8.5,11.4,68.2,8.9,12.5,62.7,17,20.1,68.9,9.1,12.9,69.3,23.9,29.8,68.4,1.3,3.4,70.6,22,32,67.1,11.2,17.2,67.8,4.5,8.1,71.8,12.5,17.2,72.3,18,18,62.8,29.5,41.6,68.4,24.2,28,72,6.9,11.4,70.9,17.4,28.4,70,11.4,19.5,70.5,21.9,28.6,70.3,11.2,19.9,76.1,0,0,69.9,0,0,68.4,7.6,9.2,64.8,19.7,23.9,62.4,9.4,15.9,66.9,8.1,10.3,68.4,10.1,16.3,65.8,10.1,17.2,66.2,5.4,7.2,58.5,51.9,60,64.2,17.9,23,69.8,0,0,67.7,10,32,69.5,4,0
2025-01-07T22:45:00Z,71,14,26,71,14,26,65.1,9.8,13.2,71.1,7.2,13.6,69,9,24,61.7,12.1,19,74,0,0,73.6,11.4,18.6,71.4,6.5,13.7,61,20.4,29.8,64.4,2.9,5.8,70.5,3.5,14,64.2,10.5,23.9,71.2,9.2,11.4,69.3,5.8,12.5,72,15.7,20.6,0,8.1,11.4,68.4,11.9,19.5,62.7,14,15.6,68.9,8.9,10.2,69.1,19.7,24.2,67.5,4.3,6.9,70.6,22,37,66.9,12.8,17.2,67.6,5.8,9.2,71.6,16.3,20.6,72.9,15,15,63.5,24.6,32.7,68.4,28.2,29,70.5,10.1,12.5,71.1,20.8,29.1,69.8,14.3,19.5,70.9,22.6,27.3,70.3,15.4,20.6,77,0,0,69.8,0,0,68.2,8.9,13.6,64.9,22.6,28.6,62.6,10.1,15.9,66.7,11.9,18.3,68.3,16.1,19.2,65.8,7.2,11.4,66,4.9,6.9,58.6,51.9,58,64.2,23,23,69.8,0,0,67.8,27,27,69.8,1,0
2025-01-07T23:00:00Z,72,25,37,72,25,37,65.3,6.5,14.1,70.9,8.5,15.2,69.4,8,24,61.7,11.6,20.6,74,0,0,74.6,9.8,14.8,71.1,7.4,20.6,60.8,12.1,15.9,64.2,6.9,14.8,70.3,3,4,64.2,6.7,12.5,71.4,9.8,15.9,68.7,6.3,12.5,71.8,14.8,20.6,0,9.6,13.6,68.2,8.9,14.8,62.9,12.9,14.7,68.9,11.6,15.2,69.3,29.5,37.8,67.1,3.6,9.2,70.7,21,37,67.3,11.4,18.3,67.8,8.9,17.2,71.4,15.7,21.7,72.5,21,21,64,18.3,20.8,68.3,26.1,28,70.7,8.3,14.8,71.2,15.9,23,70,14.8,20.6,71.1,15.4,20.6,70.9,11.9,16.3,76.1,0,0,69.8,0,0,67.1,12.8,17.2,64.9,23,27.3,62.8,9.6,12.5,66.6,8.9,13.6,67.8,10.3,17.7,66,8.5,12.5,65.5,6,6.7,58.6,53.9,60,64.2,19.9,23,70,0,0,67.2,6,27,69.9,4,0
2025-01-07T23:15:00Z,72,25,37,72,25,37,64.8,6.9,14.5,70.5,8.7,16.8,69,13,26,61.3,14.1,23,74,0,0,73.5,11.6,14.1,70.7,8.3,12.5,60.8,21.3,32,63.9,5.4,10.3,69,3.4,5.3,64,10.7,21.7,71.1,6.5,11.4,68,5.1,12.5,71.2,13.2,21.7,0,7.2,10.3,67.5,12.1,18.3,62.9,14.3,16.5,68.1,12.3,15.8,69.3,25.3,29.8,66.6,3.1,5.8,70.7,23,31,67.6,13.2,22.8,67.8,5.8,17.2,71.4,15.7,21.7,72,17,17,63.9,13.4,22.1,68.1,22.9,23,72,7.6,15.9,71.2,21.9,25.7,70,12.1,18.3,70.7,21,37.6,70.7,12.3,17,75.7,0,0,69.8,0,0,66.4,8.1,10.3,64.8,25.3,32,62.4,11.2,14.8,66.2,11.6,19.5,67.5,15.9,22.8,66,6.9,10.3,65.1,3.8,5.8,58.6,53,60,64.2,16.1,22,69.7,0,0,67.4,3,29,69.4,1,0
2025-01-07T23:30:00Z,72,25,37,72,25,37,64.8,6.3,13.2,70.3,6.9,11.6,68.6,18,29,61.2,13.9,20.8,74,0,0,75,5.4,6.7,70.7,8.5,13.7,60.4,10.7,12.5,63.5,3.8,9.2,68,3.4,4,63.7,5.4,12.5,70.9,10.3,20.6,67.6,1.8,12.5,70.9,14.5,21.7,0,6.5,8.1,67.1,10.7,15.9,62.4,17.2,20.8,67.6,9.6,12.5,69.1,27.3,32,66.2,2.7,5.8,70.6,24,28,66.4,13.2,19.5,67.3,7.6,13.6,71.4,15.7,21.7,72,14,17,63.1,12.5,17.9,67.7,25.6,28,71.8,7.8,14.8,70.2,18.8,27.1,69.4,11.2,15.9,70.3,22.2,29.8,69.9,11.2,25.9,77.2,2,2,69,0,0,65.3,9.2,11.4,64.4,23.7,27.3,62.2,13.2,19.5,66.2,8.5,18.3,66.7,11.6,17.7,65.7,9.6,19.5,64.9,4,5.8,58.5,48.1,57,64,23.9,24,69.6,0,0,67.1,15,31,68.6,4,0
2025-01-07T23:45:00Z,72,25,37,72,25,37,64.6,4,6.3,70.3,5.8,11.4,68.5,10,23,60.6,14.8,26.4,74,0,0,73.7,6.9,13.2,70,5.4,11.4,60.3,13.7,21.7,63.1,4.9,13.7,66.5,4,6,64.2,6.7,12.5,70.7,7.6,14.8,67.8,4,9.2,71.2,13.7,20.6,0,6.9,10.3,67.1,11.6,12.5,62,14.7,17.2,67.2,9.1,11.8,68.7,19.9,28.6,66,2.9,6.9,70.3,17,27,66.6,13.9,17.2,67.3,7.6,15.9,70.5,10.5,21.7,71.6,16,16,62.4,19.2,28.2,67.3,25.4,25,70,4.9,11.4,69.1,17,27.3,69.4,14.5,25.1,69.6,18.3,29.8,69,9.4,15.4,75.6,0,0,69,0,0,65.1,6.9,11.4,64,27.1,37.6,62.1,10.7,15.9,65.1,9.8,15.9,66.4,11.2,18.6,64.9,8.5,13.6,64.6,5.1,5.8,58.3,53.9,66,63.7,21,25,69.4,0,0,66.8,15,22,67.9,4,0
2025-01-08T00:00:00Z,71,25,33,71,25,33,64.6,4.9,8.3,69.6,6.7,15.2,68.3,13,23,60.4,11,16.1,72,13,30,73.2,6.9,11.9,69.4,6.3,12.5,59.7,18.3,23.9,63.1,6.3,12.5,64.9,2.9,5.3,63,9.2,11.4,70.3,5.8,8.1,67.6,7.8,14.8,70.5,12.1,18.3,0,4.7,8.1,66.7,11,17.2,62,16.7,20.3,66.7,8.5,10.7,68.4,24.6,29.8,65.7,3.8,8.1,70,16,25,65.5,15,20.6,67.1,5.8,9.2,70.2,11.2,17.2,71.1,12,12,61.7,16.1,23.7,67,24.2,24,70.2,6.3,12.5,68.7,13.6,22.1,69.1,11.6,18.3,68.9,14.5,18.3,68.9,8.7,14.8,74.1,8,8,68.5,0,0,64.8,7.2,11.4,63.7,33.3,42.3,61.7,12.8,25.1,64.4,13.9,27.3,65.8,14.3,23.7,64.6,6,9.2,63.7,5.1,6.7,58.1,53,65,63.3,21.9,24,69.2,0,0,66.8,10,32,67.5,3,0
2025-01-08T00:15:00Z,71,25,33,71,25,33,64,6.5,13.9,69.1,6.9,10.5,67.7,11,25,59.9,11.2,17,72,13,30,72.4,13.2,19.9,68.4,6.5,10.3,59.4,12.1,17.2,62.6,7.4,18.3,64.1,2,6.5,61.7,9.2,25.1,69.1,9.6,14.8,66.9,6.3,11.4,69.8,7.6,10.3,0,6.5,12.5,65.3,6.3,10.3,61.5,15.4,20.3,66.2,9.3,11.4,68.2,23.3,27.5,65.3,2.9,8.1,69.8,21,32,64.6,13.6,18.3,66.9,6.9,12.5,69.4,12.8,21.7,70.5,16,16,61.2,22.4,34,66.6,23.3,23,69.3,9.6,17.2,68.4,16.3,22.4,68.7,10.3,17.2,68.7,20.6,25.1,68.4,15.9,19.2,70.9,16,16,68.1,0,0,64.2,7.8,11.4,63.1,26.8,35.3,61.5,11.9,26.2,63.5,12.3,22.8,64.8,13.6,22.8,64,10.5,13.6,63.1,5.1,6.3,57.7,55,56,63.1,23.9,27,68.7,0,0,66.3,8,27,67.1,5,0
2025-01-08T00:30:00Z,71,25,33,71,25,33,63.9,6.5,11.6,68.5,6.9,9.8,66.9,14,21,59.5,12.3,19.2,72,13,30,73.2,6.9,11.9,67.6,8.1,13.7,59.2,14.3,21.7,62.2,4,9.2,63.5,3.7,6,61.5,8.5,13.7,68.4,4.3,8.1,66.9,9.6,14.8,68.9,9.2,13.7,0,4.9,10.3,64,15.2,22.8,61.1,12.3,14.9,65.4,9.3,11.4,67.6,17.9,22.8,64.6,2,4.5,69.3,25,27,63.9,13,18.3,66.4,5.4,12.5,70.2,11.2,17.2,69.3,16,16,60.8,17.4,28.2,66.2,23.1,23,68.4,7.4,13.6,68,15,23.9,68.4,9.6,18.3,68.2,12.8,25.1,68.1,16.3,20.6,67.8,16,16,67.4,0,0,63.9,6,9.2,62.8,27.5,35.3,61.2,12.8,19.5,63.1,8.9,12.5,64.2,9.4,12.5,63.7,5.8,9.2,62.4,4.7,8.5,57.6,53.9,62,63,21,24,68.3,0,0,66.1,11,33,66.6,6,0
2025-01-08T00:45:00Z,71,25,33,71,25,33,63.7,2.9,6.3,68.4,8.7,15.7,66.5,17,27,59,12.5,21.9,72,13,30,73.2,6.9,11.9,67.5,6,11.4,58.6,16.3,22.8,62.2,9,12.5,62.7,2,4.9,61.2,5.4,14.8,68,4.9,11.4,66.7,5.1,11.4,68.4,6.5,10.3,0,5.1,8.1,63.1,12.1,14.8,61.1,19.9,22.1,64.9,10,12.3,67.1,23.3,28.6,64.2,2,4.5,68.7,17,28,65.5,15,20.6,66,4.9,12.5,70.2,11.2,17.2,68.4,17,17,60.6,22.4,25.3,66.1,29.8,29,68.2,7.4,13.6,67.8,14.3,29.1,67.8,9.8,14.8,67.8,11.6,15.9,67.8,11.4,22.1,67.1,17,17,67.1,0,0,63.3,7.2,10.3,62.8,30.4,36.5,61,12.8,19.5,61.7,10.7,20.6,63.3,12.5,18.6,63.1,5.8,13.6,61.9,4.5,5.8,57.4,42.1,62,62.8,28,28,67.9,0,0,65.9,25,34,66.4,2,0
2025-01-08T01:00:00Z,70,21,36,70,21,36,63.3,5.1,9.6,68.2,7.4,11.4,66.5,19,34,58.5,15.4,26.6,71,0,0,0,0,0,66.7,2,3.4,58.3,14.1,20.6,61.5,4.5,8.1,61.7,2.4,3.2,60.3,5.4,15.9,67.5,4.9,8.1,66.6,9.2,13.7,68.2,10.1,14.8,0,4.5,8.1,62.8,5.8,9.2,60.6,14,17.4,64.7,9.6,11.1,66.7,22.4,30.9,63.7,4.3,6.9,68.3,18,28,0,0,0,65.7,8.1,12.5,0,0,0,67.3,14,17,0,0,0,66.1,25.6,29,68,8.7,22.8,67.5,17.4,20.6,67.6,12.5,19.5,67.3,16.8,20.6,67.4,13.9,20.6,66.6,16,16,66.5,0,0,62.8,6,9.2,62.6,26.6,34.2,60.8,11.9,19.5,61.5,14.3,21.7,62.2,5.8,11.2,62.8,7.2,9.2,61.3,5.1,5.1,57,45,50,62.4,21.9,22,67.7,0,0,65.8,24,36,66.1,7,0
2025-01-08T01:15:00Z,70,21,36,70,21,36,63.1,9.2,15.2,68,8.3,17,66.1,16,29,58.3,17,25.7,71,0,0,0,0,0,66.7,5.1,11.4,57.6,16.3,28.6,61.5,5.4,13.7,61.7,2,2.7,60.1,7.2,19.5,67.1,2.9,6.9,66.4,6.7,15.9,68,10.5,13.7,0,5.1,8.1,62.8,8.5,14.8,60.4,15.6,18.1,64.4,10,13.1,66.6,27.1,33.3,63.3,4.3,6.9,67.9,14,34,0,0,0,65.5,9.4,21.7,0,0,0,66.4,17,17,0,0,0,65.6,18.9,27,67.3,6.7,12.5,67.1,24.4,25.1,67.1,11,19.5,67.3,16.1,20.6,67.1,9.8,14.8,66,15,15,66.3,0,0,61.7,5.1,6.9,62.2,24.2,30.9,60.4,10.1,17.2,61.2,6.9,11.4,62.1,6.7,11.9,62.4,6,11.4,60.6,4.7,8.1,57.4,44.1,75,62.1,21,22,67.4,0,0,69.3,16,60,65.7,3,0
2025-01-08T01:30:00Z,70,21,36,70,21,36,63,3.8,7.4,67.8,8.7,14.3,65.9,17,27,57.7,17.9,28,71,0,0,0,0,0,66,2.5,8.1,57.2,17.9,28.6,60.6,3.6,6.9,61.7,2,4.9,59.9,4.3,8.1,66.9,8.5,13.6,66.2,9.8,18.3,67.5,11,18.3,0,6.7,11.4,62.4,11.2,18.3,60.4,15.4,19,64.2,9.3,12.9,66.2,24.8,32,63,2.2,9.2,67.8,14,34,0,0,0,65.1,8.5,13.6,0,0,0,66,19,19,0,0,0,65.3,16.6,19,67.1,5.8,12.5,66.7,20.4,24.6,67.1,10.1,18.3,66.9,17,23.9,66.8,12.3,19.2,66,15,15,66.2,0,0,61.9,5.1,5.8,61.9,25.3,30.9,60.1,10.7,18.3,60.4,8.5,14.8,61.2,4.9,8.1,61.7,8.5,11.4,60.1,4.9,7.6,56.7,51,60,61.5,21.9,22,67.1,0,0,101.7,29,56,65.3,12,0
2025-01-08T01:45:00Z,70,21,36,70,21,36,62.6,4,8.3,67.5,6.7,10.7,65.8,18,30,57.6,15.9,22.4,71,0,0,0,0,0,66,3.6,13.7,56.7,10.7,18.3,61,6.5,10.3,61.2,2,4,59.5,4,13.7,66.7,2.9,5.8,66,13,20.6,68.2,10.1,14.8,0,6,10.3,62.1,7.8,18.3,60.2,14.5,19.2,63.6,11.8,15.2,66,28.2,35.6,62.8,2.9,6.9,67.3,17,25,0,0,0,64.9,7.6,15.9,0,0,0,65.5,22,22,0,0,0,65.1,24.9,24,67.1,10.5,25.1,66.6,19,27.3,66.7,10.7,15.9,66.6,13.9,19.5,66.5,11.6,14.8,65.7,20,20,65.6,0,0,61.7,5.4,6.9,61.9,22.8,28.6,59.7,8.5,13.6,60.4,10.1,14.8,60.6,3.8,5.1,61.5,6.3,9.2,59.7,4.9,5.4,56.5,49,53,61.5,27.1,28,66.8,0,0,65.8,24,36,65.1,5,0
2025-01-08T02:00:00Z,68,25,41,68,25,41,62.4,5.1,8.5,67.5,8.7,14.5,65.6,26,31,57.2,18.8,24.6,69,0,0,0,0,0,66,6,11.4,56.1,12.3,17.2,60.8,5.8,10.3,60.7,2,3.5,59.4,3.6,12.5,66.6,8.1,12.5,66,11.2,20.6,67.3,9.2,10.3,0,7.4,12.5,61.9,8.1,13.6,60,18.7,20.1,63.6,10.7,15.6,65.7,25.3,32,62.8,2.2,5.8,67.5,23,30,0,0,0,64.9,9.2,15.9,0,0,0,65.5,20,20,0,0,0,64.8,31.2,31,67.3,13.6,19.5,66.6,21.5,34,66.7,10.1,14.8,66.6,19,25.1,66.6,17.9,22.8,65.5,21,21,65.4,0,0,61.5,5.4,6.9,61.5,19.9,25.1,59.7,9.6,17.2,59.9,8.1,12.5,60.8,5.4,8.1,61.5,8.3,15.9,59.7,4,5.1,56.3,51,63,61.5,21.9,25,67,0,0,0,0,0,65,0,0
2025-01-08T02:15:00Z,68,25,41,68,25,41,62.4,7.8,12.8,67.3,8.9,16.8,65.5,15,32,57.4,18.8,27.1,69,0,0,0,0,0,66,5.6,15.9,55.4,20.4,30.9,61,6.3,14.8,60.5,2.2,6.5,59.4,4.5,13.7,66.6,7.6,13.6,65.5,5.1,15.9,67.1,15.2,19.5,0,11.4,15.9,61.9,7.6,11.4,60,20.5,28.4,63.5,12.5,15.2,65.5,30.2,35.6,62.6,2.5,4.5,67.5,28,30,0,0,0,64.9,11.6,19.5,0,0,0,64.8,19,19,0,0,0,64.7,20.1,31,67.6,11.2,20.6,66.4,28.2,33.1,66.6,12.8,21.7,66.6,18.8,30.9,66.5,17.7,31.8,65.5,19,19,65.4,0,0,61.5,5.6,6.9,61.3,17.2,20.6,59.5,8.9,15.9,59.7,8.7,13.6,61.1,10.1,13.2,61.7,6,8.1,59.7,5.4,7.2,56.3,48.1,61,61.2,23.9,25,66.6,0,0,0,0,0,65.1,1,0
2025-01-08T02:30:00Z,68,25,41,68,25,41,62.4,6,10.7,67.1,8.9,17.4,65.4,16,32,57.6,17.4,25.1,69,0,0,0,0,0,66,4.9,14.8,56.1,15.9,20.6,61.2,6,12.5,60.9,5.9,9,59.4,8.1,14.8,66.6,8.1,13.6,65.7,18.1,27.3,67.1,9.8,12.5,0,6.3,10.3,61.7,6.5,9.2,59.9,21.4,34,63.5,10.9,15.8,65.5,26.6,32,62.4,2.7,8.1,67.2,19,31,0,0,0,64.8,9.2,19.5,0,0,0,64.8,15,15,0,0,0,64.4,24.9,24,69.3,8.5,15.9,66.6,32.9,36.2,66.4,12.1,19.5,66.4,23,32,66.5,11.6,19.2,65.5,19,19,65.3,0,0,61.5,11,13.6,61.5,30,36.5,59.9,10.1,19.5,60.3,11,23.9,61.4,10.7,17.7,61.5,7.6,10.3,59.9,5.1,6.7,56.3,51,63,61.5,36,36,66.6,0,0,0,0,0,65.1,6,0
2025-01-08T02:45:00Z,68,25,41,68,25,41,62.2,4.9,9.6,67.1,11.4,21.3,65.3,13,25,57.4,18.1,23.9,69,0,0,0,0,0,65.8,9.2,13.7,56.1,19.9,29.8,60.8,8.1,19.5,60.9,7.6,7.6,59.4,13.7,20.6,66.6,8.3,11.4,65.8,12.3,21.7,67.3,13.2,17.2,0,12.8,18.3,62.1,12.1,18.3,60,22.5,27.5,63.3,9.6,11.1,65.3,32.9,43.6,62.4,4.7,8.1,67.2,22,31,0,0,0,64.6,8.5,13.6,0,0,0,64.9,20,20,0,0,0,64.4,33.3,34,68.5,8.1,17.2,66.4,25.7,38.7,66.4,12.8,20.6,66.2,22.4,28.6,66.2,19,26.6,65.5,20,20,65.3,0,0,62.1,7.4,12.5,61.7,37.8,49,60.1,13.9,23.9,60.4,14.3,25.1,61.3,7.2,11.2,61.7,9.8,15.9,59.9,5.6,8.1,56.3,51,63,61.5,31.1,32,66.7,0,0,0,0,0,64.9,9,0
2025-01-08T03:00:00Z,67,21,31,67,21,31,62.1,5.8,9.4,66.9,11.9,23.9,65.1,12,20,57.4,13.9,21.7,67,0,0,0,0,0,65.8,6.3,15.9,56.3,18.8,26.2,0,0,0,60.7,5.5,8.6,59.4,12.1,22.8,66.6,6,12.5,65.3,3.8,12.5,67.1,17.5,25.1,0,7.6,11.4,62.1,17.2,28.6,0,0,0,62.9,7.8,8.9,65.3,25.1,32,62.2,2.9,8.1,67.2,26,38,0,0,0,64.2,6,10.3,0,0,0,65.5,27,27,0,0,0,64.5,32.2,34,66.9,8.3,15.9,66.2,30.4,34.7,66.4,14.8,23.9,66.4,26,34.2,66.4,14.8,22.1,65.3,19,19,65.3,0,0,62.1,8.5,12.5,0,0,0,59.9,17,34.2,0,0,0,61.1,12.8,22.1,61.9,11.2,14.8,0,0,0,0,0,0,0,0,0,66.5,0,0,0,0,0,64.6,2,0
2025-01-08T03:15:00Z,67,21,31,67,21,31,62.1,9.4,15,66.9,9.6,17.9,64.9,21,28,57.2,20.1,36.7,67,0,0,0,0,0,65.7,6.7,15.9,56.1,17.9,26.2,0,0,0,60.9,6,12.8,59.5,13.2,30.9,66.4,5.6,9.2,64.9,5.4,14.8,67.1,17.5,25.1,0,11.6,17.2,61.9,17.9,27.3,0,0,0,62.6,10.5,12.9,65.3,22.8,30.9,61.9,3.1,5.8,67.2,32,32,0,0,0,64,5.4,10.3,0,0,0,65.5,25,25,0,0,0,64.4,30.3,35,66.7,7.2,13.6,66,20.6,33.6,66.2,13.4,19.5,66,20.4,26.2,65.9,14.5,25.9,65.1,18,18,65.1,0,0,61.7,12.8,17.2,0,0,0,59.4,12.8,19.5,0,0,0,60.8,14.3,23.7,61.3,10.1,14.8,0,0,0,0,0,0,0,0,0,66.3,0,0,0,0,0,64.4,3,0
2025-01-08T03:30:00Z,67,21,31,67,21,31,62.1,10.3,16.3,66.7,14.8,26.2,64.8,18,36,57,18.1,40.5,67,0,0,0,0,0,65.7,5.8,14.8,55.8,15.4,27.3,0,0,0,60.9,7,12.8,59.4,18.8,27.3,66.2,7.6,11.4,65.3,2.9,15.9,66.7,17.5,26.2,0,8.1,15.9,61.9,13.9,25.1,0,0,0,62.6,12.5,16.1,64.9,29.3,36.7,61.9,10.1,19.5,66.9,24,39,0,0,0,64,8.5,15.9,0,0,0,64.9,20,20,0,0,0,64.1,30.5,36,66.6,7.8,18.3,65.8,20.4,27.1,66,18.8,26.2,65.8,24.2,32,65.8,17.7,22.8,64.9,17,17,64.9,0,0,61.5,10.5,15.9,0,0,0,59.4,13.9,21.7,0,0,0,60.7,8.1,11.2,61.2,13.2,17.2,0,0,0,0,0,0,0,0,0,65.9,0,0,0,0,0,64.3,7,0
2025-01-08T03:45:00Z,67,21,31,67,21,31,61.9,10.3,19.7,66.6,9.2,22.4,64,9,36,56.7,13.2,26.6,67,0,0,0,0,0,65.1,6.3,15.9,55.2,17.9,33.1,0,0,0,60.7,11.3,14.3,59,14.8,32,65.7,8.1,13.6,65.3,10.1,18.3,66.4,17.9,28.6,0,11.2,18.3,62.1,17.2,28.6,0,0,0,62.6,13.6,18.3,64.8,28.4,34.4,61.5,6,14.8,66.5,35,43,0,0,0,64,9.8,21.7,0,0,0,64.9,25,25,0,0,0,63.9,27,28,66.9,8.3,15.9,65.7,29.8,31.5,65.5,15,26.2,65.8,27.3,32,65.7,14.3,27.3,64.8,23,23,64.5,0,0,61.3,10.1,14.8,0,0,0,58.8,13.6,26.2,0,0,0,60.7,11.4,17.7,61.2,14.1,23.9,0,0,0,55.2,84.1,85,0,0,0,65.6,0,0,0,0,0,64.2,1,0
2025-01-08T04:00:00Z,66,29,43,66,29,43,61.5,8.9,14.8,66.4,11,20.6,63.6,11,20,56.3,14.3,28,67,0,0,0,0,0,65.1,6.9,14.8,54.9,18.3,21.7,0,0,0,60.4,4.9,7.3,58.8,11.2,27.3,65.7,8.9,17.2,64.4,10.5,20.6,66.4,19.5,26.2,0,4.5,6.9,0,0,0,0,0,0,62.4,9.1,10.7,64.6,30.6,36.7,61.3,15.7,22.8,66.2,29,43,0,0,0,63.5,4.9,10.3,0,0,0,64.6,25,25,0,0,0,63.5,29.6,29,0,0,0,65.3,31.5,38.3,65.5,18.8,26.2,65.5,23.5,28.6,65.6,13.9,25.1,64.8,22,22,64.5,0,0,61,14.3,22.8,0,0,0,58.5,14.5,21.7,0,0,0,60,8.9,11.9,60.8,11.6,19.5,0,0,0,55,68.9,83,0,0,0,65.5,0,0,0,0,0,63.9,1,0
2025-01-08T04:15:00Z,66,29,43,66,29,43,61,6.3,13.6,65.8,10.1,19.5,63.4,7,20,56.1,16.3,40.7,67,0,0,0,0,0,64.6,8.5,13.7,55.9,29.8,38.7,0,0,0,59.9,3,6.5,58.5,9.2,19.5,65.3,5.8,10.3,64.8,6.5,13.7,65.7,24.8,30.9,0,11.6,17.2,0,0,0,0,0,0,62,11.4,14.5,64.4,27.7,33.3,61,7.6,11.4,65.9,23,37,0,0,0,63,8.9,12.5,0,0,0,64.6,20,20,0,0,0,63.4,30.1,30,0,0,0,65.1,27.7,33.8,65.3,19.9,33.1,65.1,21,26.2,64.8,11.2,14.8,64,17,17,64,0,0,60.4,8.5,11.4,0,0,0,58.1,20.8,35.3,0,0,0,60.2,15.2,22.8,60.6,13.2,20.6,0,0,0,54.7,72.9,75,0,0,0,65.2,0,0,0,0,0,63.6,7,0
2025-01-08T04:30:00Z,66,29,43,66,29,43,61,8.1,12.3,65.7,8.1,14.1,62.9,10,14,55.8,18.6,32.4,67,0,0,0,0,0,64.2,10.3,20.6,56.1,19.9,29.8,0,0,0,59.7,4.6,7.8,58.3,11.2,25.1,65.1,10.5,13.6,65.1,10.7,21.7,65.3,15.4,20.6,0,6.5,15.9,0,0,0,0,0,0,61.7,11.6,14.7,64,25.9,33.3,60.6,15.4,33.1,65.5,22,38,0,0,0,63,10.1,14.8,0,0,0,64.4,22,22,0,0,0,63.4,27.3,31,0,0,0,65.1,26.4,32.2,65.1,15.4,25.1,64.6,23,29.8,64.8,11.6,18.6,63.9,19,19,63.8,0,0,60.3,12.1,13.6,0,0,0,58.3,12.1,23.9,0,0,0,60.2,7.6,11.9,60.6,10.1,17.2,0,0,0,54.7,61.1,74,0,0,0,64.9,0,0,0,0,0,63.3,7,0
2025-01-08T04:45:00Z,66,29,43,66,29,43,61,6.7,12.1,65.5,8.1,17.4,62.7,10,21,55.6,17.2,52.8,67,0,0,0,0,0,64.2,5.6,15.9,55.8,32,44.5,0,0,0,59,3.5,8.6,58.1,12.3,26.2,64.9,8.5,17.2,65.3,14.5,23.9,65.3,22.4,28.6,0,6,11.4,0,0,0,0,0,0,61.7,16.3,19,63.7,28.4,40,60.6,9.2,17.2,65.3,34,38,0,0,0,62.8,8.7,18.3,0,0,0,64,25,25,0,0,0,63,31.9,32,0,0,0,64.8,22.8,30.9,64.8,14.3,22.8,64.6,21,26.2,64.8,14.8,28,63.9,20,20,63.5,0,0,60.3,6.3,9.2,0,0,0,57.9,10.5,18.3,0,0,0,59.3,6.9,16.3,60.1,8.5,14.8,0,0,0,54.3,67.1,67,0,0,0,64.8,0,0,0,0,0,63.5,8,0
2025-01-08T05:00:00Z,66,23,40,66,23,40,60.6,9.4,12.8,65.3,9.2,14.8,62.7,8,24,0,0,0,67,10,28,0,0,0,63.9,11.2,15.9,55.8,32.4,43.4,0,0,0,59,3,5.3,58.1,13.4,22.8,0,0,0,65.1,6.3,20.6,0,0,0,0,7.6,10.3,0,0,0,0,0,0,61.7,15.6,22.3,63.5,38.5,48.3,60.6,13.9,27.3,65,23,36,0,0,0,62.8,8.1,21.7,0,0,0,63.9,21,21,0,0,0,62.9,19.8,32,0,0,0,64.6,23.9,34,64.8,19,29.8,64.6,23,30.9,64.6,13.2,22.8,63.9,24,24,63.6,0,0,60.1,10.3,13.6,0,0,0,57.2,11.9,21.7,0,0,0,59.2,8.9,22.8,60.1,10.5,19.5,0,0,0,54,70,79,0,0,0,64.6,0,0,0,0,0,63.3,13,0
2025-01-08T05:15:00Z,66,23,40,66,23,40,60.4,5.4,9.2,65.1,9.6,19.7,62.7,8,24,0,0,0,67,10,28,0,0,0,63.9,11.2,15.9,55.4,25.7,42.3,0,0,0,59,2.9,5.6,57.6,7.6,19.5,64.6,10.5,18.3,64.4,8.1,25.1,64.9,13.7,23.9,0,5.8,10.3,0,0,0,0,0,0,61.7,12.7,15.8,63.3,32.4,38.9,60.3,13,21.7,64.9,32,38,0,0,0,62.8,8.1,21.7,0,0,0,63.7,22,22,0,0,0,62.5,31.5,32,0,0,0,64.4,23,36.9,64.6,17,29.8,64.4,28.4,38.7,64.5,16.8,34,63.7,22,22,63.5,0,0,59.7,13.6,21.7,0,0,0,57.2,13.9,23.9,0,0,0,59.2,10.1,17,59.7,11.6,19.5,0,0,0,54,85,90,0,0,0,64.4,0,0,0,0,0,63.3,6,0
2025-01-08T05:30:00Z,66,23,40,66,23,40,60.4,8.5,12.8,64.9,9.4,14.1,62.7,8,24,0,0,0,67,10,28,0,0,0,63.7,6.7,19.5,55.2,33.3,54.8,0,0,0,58.7,5,7,57.4,14.5,19.5,64.4,13.6,21.7,64.2,11.4,21.7,65.1,26.8,37.6,0,15.4,23.9,0,0,0,0,0,0,61.5,12.5,17,63.3,32,37.8,60.3,4.5,9.2,64.8,32,42,0,0,0,62.8,8.1,21.7,0,0,0,63.7,27,27,0,0,0,62.4,34,34,0,0,0,64.4,31.3,44.1,64.6,18.3,26.2,64,22.2,32,64.2,18.1,34,63.5,24,24,63.5,0,0,59.5,10.1,13.6,0,0,0,57.2,12.3,18.3,0,0,0,58.9,12.5,18.6,59.5,12.1,23.9,0,0,0,53.8,84.1,98,0,0,0,64.3,0,0,0,0,0,62.8,6,0
2025-01-08T05:45:00Z,66,23,40,66,23,40,60.3,7.6,12.8,64.6,10.3,18.3,62.7,8,24,0,0,0,67,10,28,0,0,0,63.5,7.8,15.9,54.9,25.3,36.5,0,0,0,58.7,5,9,57.2,11.9,23.9,64.2,5.8,11.4,63.9,12.3,19.5,64.8,19.2,29.8,0,11.6,21.7,0,0,0,0,0,0,61.1,10.2,13.1,63.1,32,40,59.7,6.3,9.2,64.7,37,42,0,0,0,62.8,8.1,21.7,0,0,0,63.5,33,33,0,0,0,62,29.6,35,0,0,0,63.9,23.3,37.6,64.2,17.2,25.1,63.9,25.1,34.2,64,19.5,25.9,63.5,23,23,63.1,0,0,59.4,13.2,17.2,0,0,0,56.8,21.5,34.2,0,0,0,58.6,7.8,12.5,59.2,11,15.9,0,0,0,53.4,76.1,85,0,0,0,64.1,0,0,0,0,0,62.4,6,0
2025-01-08T06:00:00Z,64,18,32,64,18,32,59.7,5.6,12.1,64.6,11,20.4,0,0,0,0,0,0,66,16,35,0,0,0,63,6.9,12.5,54,19.5,27.3,0,0,0,58.2,1.9,4.5,56.7,7.6,15.9,63.7,9.2,12.5,0,0,0,64,16.1,26.2,0,5.8,10.3,58.5,7.4,13.6,0,0,0,60.8,10.2,11.8,63,29.3,40,59.5,6.9,9.2,64.4,27,40,0,0,0,0,0,0,0,0,0,63,31,33,0,0,0,61.8,27.3,27,0,0,0,63.7,28,48.8,63.9,18.6,27.3,63.7,26.4,37.6,63.8,15.9,23.7,63.1,20,20,62.7,0,0,59.5,12.3,14.8,0,0,0,56.8,15.4,28.6,0,0,0,58.4,8.9,12.5,59,11.2,15.9,0,0,0,53.2,85.9,89,0,0,0,63.6,0,0,0,0,0,62.1,4,0
2025-01-08T06:15:00Z,64,18,32,64,18,32,59.4,5.6,10.1,64.2,8.3,17,0,0,0,0,0,0,66,16,35,0,0,0,62.6,6.5,14.8,54.1,23.5,41.2,0,0,0,58,4.5,6.5,56.7,12.3,25.1,63.5,6.9,12.5,63.3,10.1,22.8,64,17.2,23.9,0,14.3,21.7,58.8,11.9,21.7,0,0,0,60.4,10.9,15.4,62.6,34.7,41.4,59.2,4.9,8.1,64.1,24,37,0,0,0,0,0,0,0,0,0,63,33,33,55.9,35.1,47.4,61.5,31.9,31,0,0,0,63.5,28.2,40,63.7,17.9,27.3,63.3,24.4,35.3,63.5,14.8,19.9,62.8,20,20,62.6,0,0,59,13.2,18.3,0,0,0,56.5,19.9,28.6,0,0,0,58.4,12.8,18.6,58.8,12.8,20.6,0,0,0,53.1,82.1,89,0,0,0,63.4,0,0,0,0,0,61.8,3,0
2025-01-08T06:30:00Z,64,18,32,64,18,32,59.4,6.9,13,64,9.2,21.9,0,0,0,0,0,0,66,16,35,0,0,0,62.2,4.7,8.1,53.8,23.7,28.6,0,0,0,58,4.5,7.3,56.3,11.6,19.5,63.3,8.5,13.6,63.1,8.1,21.7,63.9,15.4,19.5,0,13.2,22.8,58.8,11.9,20.6,0,0,0,60,12.3,15.6,62.4,27.7,33.3,59,5.4,11.4,63.8,19,26,0,0,0,0,0,0,0,0,0,62.4,22,22,55.9,34.2,57.9,61.3,26.6,28,0,0,0,63.3,28.4,33.6,63.5,14.1,27.3,63.3,28.4,36.5,63.5,17,28.9,62.8,25,25,62.4,0,0,59,12.3,17.2,0,0,0,56.3,15.4,36.5,0,0,0,57.9,10.3,12.5,58.5,13.6,21.7,0,0,0,52.9,89,93,0,0,0,63.3,0,0,0,0,0,61.7,15,0
2025-01-08T06:45:00Z,64,18,32,64,18,32,59.2,7.2,13.9,63.9,9.6,15.9,0,0,0,0,0,0,66,16,35,0,0,0,62.2,2.9,8.1,53.8,25.7,35.3,0,0,0,58,5.1,8.6,56.3,10.7,19.5,63.1,6.5,11.4,63,13.9,26.2,64,15.2,20.6,0,12.3,18.3,58.6,12.8,17.2,0,0,0,59.9,9.6,11.8,62.2,29.5,37.8,58.8,5.8,11.4,63.4,15,25,0,0,0,0,0,0,0,0,0,62.2,22,22,55.6,28.2,42.9,61,40.8,30,0,0,0,63.1,25.5,41.8,63.3,13.4,26.2,63.1,26.6,34.2,63.2,17.7,37.6,62.6,25,25,62.4,0,0,58.6,13.4,18.3,0,0,0,56.1,16.3,21.7,0,0,0,57.8,8.9,11.9,58.3,10.1,14.8,0,0,0,52.5,79,92,0,0,0,63.2,0,0,0,0,0,61.5,10,0
2025-01-08T07:00:00Z,64,20,31,64,20,31,59,5.8,13.6,63.7,8.7,16.1,0,0,0,0,0,0,65,6,17,0,0,0,62.2,4,8.1,53.8,31.5,43.4,0,0,0,57.9,2.9,9,56.1,14.5,19.5,63.1,8.3,10.3,62.4,8.1,17.2,64,15.4,19.5,0,11.2,15.9,58.6,15.7,27.3,0,0,0,59.7,14.3,20.8,61.9,26.2,34.4,58.8,8.9,15.9,63.6,18,22,0,0,0,0,0,0,0,0,0,62.1,24,24,55.2,35.3,54.8,61.1,27.5,40,0,0,0,63,21.9,36,63.3,18.3,28.6,63,22.4,33.1,62.9,14.1,20.6,62.2,25,25,62.2,0,0,58.5,7.8,10.3,0,0,0,56.1,13.4,21.7,0,0,0,57.9,12.5,17,58.3,12.8,20.6,0,0,0,52.5,78.1,81,0,0,0,63.3,0,0,0,0,0,61.3,7,0
2025-01-08T07:15:00Z,64,22,35,64,22,35,58.8,5.6,8.1,63.3,14.3,26.4,0,0,0,0,0,0,65,6,17,0,0,0,62.1,6,9.2,53.4,29.8,41.2,0,0,0,57.5,3,4.5,55.9,8.1,17.2,62.6,5.4,10.3,63,7.8,26.2,63.5,8.1,13.7,0,11.2,15.9,58.1,16.3,25.1,0,0,0,59.7,9.1,11.4,61.7,21.3,28.6,58.6,6.3,9.2,63.5,17,22,0,0,0,0,0,0,0,0,0,61.7,28,28,55,35.6,50.3,60.7,32.4,33,0,0,0,62.6,23.9,31.5,63,15.9,28.6,62.8,21,29.8,62.8,12.5,15.4,62.1,19,19,62,0,0,58.5,8.5,12.5,0,0,0,55.9,13.6,33.1,0,0,0,57.9,9.2,12.5,58.3,14.1,25.1,0,0,0,52.3,67.1,78,0,0,0,62.9,0,0,0,0,0,61.1,2,0
2025-01-08T07:30:00Z,64,20,31,64,20,31,58.6,6.3,14.3,63.1,11.6,16.1,0,0,0,0,0,0,65,6,17,0,0,0,61.5,2.9,10.3,53.4,21,28.6,0,0,0,57.2,2,4.9,55.9,10.1,20.6,62.6,5.4,9.2,63,11.2,27.3,63.3,10.5,13.7,0,11.6,17.2,58.1,12.8,22.8,0,0,0,59.3,9.1,10.9,61.5,17.9,22.8,58.3,7.4,12.5,63,16,21,0,0,0,0,0,0,0,0,0,61.7,29,29,54.7,19.2,31.1,60.6,35.9,36,0,0,0,62.4,24.4,35.6,62.8,13,23.9,62.6,20.6,29.8,62.5,11.6,15.4,61.7,19,19,61.8,0,0,58.1,9.6,13.6,0,0,0,55.6,14.5,19.5,0,0,0,57.5,9.6,11.9,57.9,12.1,20.6,0,0,0,52.2,70.9,79,0,0,0,62.8,0,0,0,0,0,60.8,3,0
2025-01-08T07:45:00Z,64,20,31,64,20,31,58.3,6,14.5,63,10.5,20.1,0,0,0,0,0,0,65,6,17,0,0,0,61.3,4.9,9.2,53.1,20.1,28.6,0,0,0,56.7,3.2,4,55.4,11,18.3,62.4,5.6,8.1,62.8,11,20.6,63,10.5,12.5,0,10.1,17.2,57.7,10.1,18.3,0,0,0,59,10,13.1,61.2,20.4,26.4,57.9,7.4,14.8,62.7,17,21,0,0,0,0,0,0,0,0,0,61.2,25,25,54.5,25.7,38.5,60.3,25.6,35,0,0,0,62.2,26.4,34.2,62.6,13.9,28.6,62.2,22.6,33.1,62.2,14.5,26.6,61.5,20,20,61.5,0,0,57.9,8.9,14.8,0,0,0,55.2,11.9,20.6,0,0,0,57,9.8,14.8,57.4,8.5,14.8,0,0,0,52,68.9,79,0,0,0,62.4,0,0,0,0,0,60.7,1,0
2025-01-08T08:00:00Z,64,20,40,64,20,40,57.9,4.7,9.6,62.8,9.8,22.1,0,0,0,0,0,0,64,7,0,0,0,0,61.2,3.4,10.3,52.9,19.9,32,0,0,0,56.4,2.2,3.5,54.9,11.9,20.6,62.1,4.5,10.3,64,10.7,19.5,62.4,9.2,12.5,0,12.8,27.3,57,7.6,18.3,0,0,0,58.8,9.3,11.4,61,21,27.5,57.7,6.7,9.2,62.5,21,23,0,0,0,0,0,0,0,0,0,61.2,28,28,54.3,17.4,28.2,60,23.8,26,0,0,0,61.9,22.6,28.4,62.2,14.5,23.9,61.9,23.3,28.6,61.9,13.2,21.5,61.2,22,22,61.1,0,0,57.6,9.2,12.5,0,0,0,55,12.1,21.7,0,0,0,56.7,8.5,10.3,57.2,7.8,11.4,0,0,0,51.6,70,76,0,0,0,0,0,0,0,0,0,0,0,0
2025-01-08T09:00:00Z,63,18,32,63,18,32,0,0,0,0,0,0,0,0,0,0,0,0,63,6,0,0,0,0,0,0,0,0,0,0,0,0,0,0,0,0,0,0,0,0,0,0,0,0,0,0,0,0,0,0,0,0,0,0,0,0,0,0,0,0,0,0,0,0,0,0,0,0,0,0,0,0,0,0,0,0,0,0,0,0,0,0,0,0,0,0,0,0,0,0,0,0,0,0,0,0,0,0,0,0,0,0,0,0,0,0,0,0,0,0,0,0,0,0,0,0,0,0,0,0,0,0,0,0,0,0,0,0,0,0,0,0,0,0,0,0,0,0,0,0,0,0,0,0
